0.000000E0,3.527996E-2,-3.599058E-1
1.668333E-2,3.235913E-2,-3.606868E-1
3.336667E-2,2.904744E-2,-3.605046E-1
5.005000E-2,2.571094E-2,-3.603245E-1
6.673333E-2,2.221767E-2,-3.614112E-1
8.341667E-2,1.820907E-2,-3.612500E-1
1.001000E-1,1.423478E-2,-3.606544E-1
1.167833E-1,1.015842E-2,-3.608558E-1
1.334667E-1,6.055098E-3,-3.610858E-1
1.501500E-1,1.980217E-3,-3.612338E-1
1.668333E-1,-2.139408E-3,-3.617515E-1
1.835167E-1,-6.178471E-3,-3.615747E-1
2.002000E-1,-1.017542E-2,-3.611164E-1
2.168833E-1,-1.416285E-2,-3.609517E-1
2.335667E-1,-1.792424E-2,-3.606323E-1
2.502500E-1,-2.166244E-2,-3.605155E-1
2.669333E-1,-2.541405E-2,-3.603527E-1
2.836167E-1,-2.854850E-2,-3.603453E-1
3.003000E-1,-3.183953E-2,-3.598127E-1
3.169833E-1,-3.462106E-2,-3.593123E-1
3.336667E-1,-3.722439E-2,-3.592051E-1
3.503500E-1,-3.948423E-2,-3.586525E-1
3.670333E-1,-4.172315E-2,-3.586062E-1
3.837167E-1,-4.337062E-2,-3.584330E-1
4.004000E-1,-4.471939E-2,-3.583021E-1
4.170833E-1,-4.586372E-2,-3.580350E-1
4.337667E-1,-4.659693E-2,-3.579950E-1
4.504500E-1,-4.672081E-2,-3.579882E-1
4.671333E-1,-4.671151E-2,-3.579915E-1
4.838167E-1,-4.611477E-2,-3.580144E-1
5.005000E-1,-4.540006E-2,-3.584864E-1
5.171833E-1,-4.447072E-2,-3.586119E-1
5.338667E-1,-4.317189E-2,-3.586560E-1
5.505500E-1,-4.130357E-2,-3.588621E-1
5.672333E-1,-3.927351E-2,-3.591544E-1
5.839167E-1,-3.709138E-2,-3.593196E-1
6.006000E-1,-3.441769E-2,-3.595528E-1
6.172833E-1,-3.121865E-2,-3.603077E-1
6.339667E-1,-2.786107E-2,-3.608344E-1
6.506500E-1,-2.471585E-2,-3.604026E-1
6.673333E-1,-2.102867E-2,-3.604604E-1
6.840167E-1,-1.755376E-2,-3.610152E-1
7.007000E-1,-1.348404E-2,-3.630862E-1
7.173833E-1,-9.450765E-3,-3.628620E-1
7.340667E-1,-5.380643E-3,-3.627190E-1
7.507500E-1,-1.334911E-3,-3.626067E-1
7.674333E-1,2.639858E-3,-3.630276E-1
7.841167E-1,6.673185E-3,-3.623641E-1
8.008000E-1,1.077339E-2,-3.619888E-1
8.174833E-1,1.480524E-2,-3.623954E-1
8.341667E-1,1.879588E-2,-3.628320E-1
8.508500E-1,2.289410E-2,-3.638942E-1
8.675333E-1,2.630343E-2,-3.636879E-1
8.842167E-1,2.900991E-2,-3.611882E-1
9.009000E-1,3.232529E-2,-3.615790E-1
9.175833E-1,3.507687E-2,-3.606497E-1
9.342667E-1,3.774535E-2,-3.607023E-1
9.509500E-1,3.983968E-2,-3.596162E-1
9.676333E-1,4.184092E-2,-3.597541E-1
9.843167E-1,4.382356E-2,-3.605547E-1
1.001000E0,4.516325E-2,-3.600518E-1
1.017683E0,4.586164E-2,-3.593855E-1
1.034367E0,4.654041E-2,-3.593249E-1
1.051050E0,4.654087E-2,-3.587150E-1
1.067733E0,4.652526E-2,-3.587142E-1
1.084417E0,4.596183E-2,-3.581996E-1
1.101100E0,4.520782E-2,-3.584166E-1
1.117783E0,4.385997E-2,-3.581095E-1
1.134467E0,4.249459E-2,-3.586960E-1
1.151150E0,4.051599E-2,-3.586232E-1
1.167833E0,3.850165E-2,-3.587534E-1
1.184517E0,3.638929E-2,-3.597911E-1
1.201200E0,3.367910E-2,-3.600388E-1
1.217883E0,3.045434E-2,-3.595493E-1
1.234567E0,2.761226E-2,-3.606571E-1
1.251250E0,2.428137E-2,-3.604770E-1
1.267933E0,2.029132E-2,-3.601944E-1
1.284617E0,1.686967E-2,-3.604078E-1
1.301300E0,1.290948E-2,-3.604661E-1
1.317983E0,8.825365E-3,-3.607488E-1
1.334667E0,4.828933E-3,-3.610583E-1
1.351350E0,7.307581E-4,-3.610430E-1
1.368033E0,-3.340415E-3,-3.610884E-1
1.384717E0,-7.420928E-3,-3.608877E-1
1.401400E0,-1.142561E-2,-3.608230E-1
1.418083E0,-1.503164E-2,-3.604006E-1
1.434767E0,-1.886628E-2,-3.604770E-1
1.451450E0,-2.241872E-2,-3.604987E-1
1.468133E0,-2.576228E-2,-3.601256E-1
1.484817E0,-2.905709E-2,-3.599341E-1
1.501500E0,-3.192406E-2,-3.599075E-1
1.518183E0,-3.463225E-2,-3.593071E-1
1.534867E0,-3.715546E-2,-3.590613E-1
1.551550E0,-3.928208E-2,-3.586311E-1
1.568233E0,-4.124404E-2,-3.585477E-1
1.584917E0,-4.270443E-2,-3.583618E-1
1.601600E0,-4.404118E-2,-3.587321E-1
1.618283E0,-4.475699E-2,-3.601306E-1
1.634967E0,-4.540471E-2,-3.602192E-1
1.651650E0,-4.571934E-2,-3.587134E-1
1.668333E0,-4.541716E-2,-3.602403E-1
1.685017E0,-4.521205E-2,-3.602313E-1
1.701700E0,-4.441841E-2,-3.590797E-1
1.718383E0,-4.327212E-2,-3.592598E-1
1.735067E0,-4.181814E-2,-3.589564E-1
1.751750E0,-3.994175E-2,-3.595681E-1
1.768433E0,-3.789183E-2,-3.596803E-1
1.785117E0,-3.527053E-2,-3.617376E-1
1.801800E0,-3.248742E-2,-3.621472E-1
1.818483E0,-2.979786E-2,-3.606308E-1
1.835167E0,-2.647752E-2,-3.619009E-1
1.851850E0,-2.307945E-2,-3.617951E-1
1.868533E0,-1.953206E-2,-3.609399E-1
1.885217E0,-1.609664E-2,-3.610915E-1
1.901900E0,-1.221225E-2,-3.611960E-1
1.918583E0,-8.206891E-3,-3.617327E-1
1.935267E0,-4.088077E-3,-3.619978E-1
1.951950E0,-1.034332E-4,-3.624061E-1
1.968633E0,3.956599E-3,-3.623208E-1
1.985317E0,8.011847E-3,-3.623444E-1
2.002000E0,1.211083E-2,-3.635458E-1
2.018683E0,1.615231E-2,-3.641922E-1
2.035367E0,1.959153E-2,-3.624673E-1
2.052050E0,2.356951E-2,-3.641960E-1
2.068733E0,2.701683E-2,-3.637208E-1
2.085417E0,2.970934E-2,-3.612499E-1
2.102100E0,3.308859E-2,-3.625094E-1
2.118783E0,3.574374E-2,-3.622124E-1
2.135467E0,3.781304E-2,-3.605170E-1
2.152150E0,4.051069E-2,-3.623964E-1
2.168833E0,4.249408E-2,-3.622084E-1
2.185517E0,4.385725E-2,-3.614355E-1
2.202200E0,4.525836E-2,-3.617616E-1
2.218883E0,4.594653E-2,-3.611495E-1
2.235567E0,4.661049E-2,-3.616917E-1
2.252250E0,4.666590E-2,-3.609020E-1
2.268933E0,4.654913E-2,-3.615022E-1
2.285617E0,4.597047E-2,-3.611101E-1
2.302300E0,4.518956E-2,-3.620733E-1
2.318983E0,4.392102E-2,-3.616587E-1
2.335667E0,4.253843E-2,-3.623463E-1
2.352350E0,4.053089E-2,-3.617562E-1
2.369033E0,3.847536E-2,-3.626542E-1
2.385717E0,3.589288E-2,-3.623346E-1
2.402400E0,3.309269E-2,-3.627157E-1
2.419083E0,3.037001E-2,-3.634566E-1
2.435767E0,2.708733E-2,-3.630879E-1
2.452450E0,2.362735E-2,-3.636699E-1
2.469133E0,2.025333E-2,-3.645806E-1
2.485817E0,1.630723E-2,-3.637519E-1
2.502500E0,1.217915E-2,-3.627175E-1
2.519183E0,8.789372E-3,-3.651497E-1
2.535867E0,4.712942E-3,-3.651592E-1
2.552550E0,6.614683E-4,-3.642598E-1
2.569233E0,-3.381025E-3,-3.642127E-1
2.585917E0,-7.468025E-3,-3.641279E-1
2.602600E0,-1.151799E-2,-3.627571E-1
2.619283E0,-1.496473E-2,-3.643013E-1
2.635967E0,-1.893307E-2,-3.627553E-1
2.652650E0,-2.236288E-2,-3.634012E-1
2.669333E0,-2.573069E-2,-3.636184E-1
2.686017E0,-2.909328E-2,-3.602287E-1
2.702700E0,-3.187149E-2,-3.601763E-1
2.719383E0,-3.457382E-2,-3.599264E-1
2.736067E0,-3.704468E-2,-3.593268E-1
2.752750E0,-3.916560E-2,-3.591335E-1
2.769433E0,-4.065005E-2,-3.617035E-1
2.786117E0,-4.247668E-2,-3.592829E-1
2.802800E0,-4.335001E-2,-3.614765E-1
2.819483E0,-4.454232E-2,-3.580205E-1
2.836167E0,-4.475531E-2,-3.580202E-1
2.852850E0,-4.475087E-2,-3.578893E-1
2.869533E0,-4.471658E-2,-3.579791E-1
2.886217E0,-4.410433E-2,-3.581494E-1
2.902900E0,-4.330243E-2,-3.580941E-1
2.919583E0,-4.197280E-2,-3.585081E-1
2.936267E0,-4.052192E-2,-3.585932E-1
2.952950E0,-3.861129E-2,-3.588010E-1
2.969633E0,-3.654754E-2,-3.592135E-1
2.986317E0,-3.393089E-2,-3.601261E-1
3.003000E0,-3.119365E-2,-3.611089E-1
3.019683E0,-2.837861E-2,-3.608621E-1
3.036367E0,-2.508227E-2,-3.612146E-1
3.053050E0,-2.156841E-2,-3.613910E-1
3.069733E0,-1.826910E-2,-3.613411E-1
3.086417E0,-1.425957E-2,-3.629103E-1
3.103100E0,-1.082842E-2,-3.617207E-1
3.119783E0,-6.772261E-3,-3.622657E-1
3.136467E0,-2.752561E-3,-3.627163E-1
3.153150E0,1.293404E-3,-3.629222E-1
3.169833E0,5.286702E-3,-3.630652E-1
3.186517E0,9.499519E-3,-3.651398E-1
3.203200E0,1.287797E-2,-3.622391E-1
3.219883E0,1.678370E-2,-3.629473E-1
3.236567E0,2.029203E-2,-3.621517E-1
3.253250E0,2.358536E-2,-3.609644E-1
3.269933E0,2.703806E-2,-3.610378E-1
3.286617E0,3.037332E-2,-3.625704E-1
3.303300E0,3.310467E-2,-3.614231E-1
3.319983E0,3.575064E-2,-3.608392E-1
3.336667E0,3.786609E-2,-3.597463E-1
3.353350E0,3.989637E-2,-3.596238E-1
3.370033E0,4.191024E-2,-3.609190E-1
3.386717E0,4.320846E-2,-3.602384E-1
3.403400E0,4.457972E-2,-3.610984E-1
3.420083E0,4.522044E-2,-3.605653E-1
3.436767E0,4.520375E-2,-3.587342E-1
3.453450E0,4.530612E-2,-3.582711E-1
3.470133E0,4.521291E-2,-3.593381E-1
3.486817E0,4.454360E-2,-3.592660E-1
3.503500E0,4.384354E-2,-3.600689E-1
3.520183E0,4.250778E-2,-3.600351E-1
3.536867E0,4.052805E-2,-3.587880E-1
3.553550E0,3.861297E-2,-3.586018E-1
3.570233E0,3.650801E-2,-3.590127E-1
3.586917E0,3.439916E-2,-3.607476E-1
3.603600E0,3.104055E-2,-3.594400E-1
3.620283E0,2.827588E-2,-3.600179E-1
3.636967E0,2.506519E-2,-3.597810E-1
3.653650E0,2.235927E-2,-3.637333E-1
3.670333E0,1.890220E-2,-3.644325E-1
3.687017E0,1.490845E-2,-3.634614E-1
3.703700E0,1.083878E-2,-3.627263E-1
3.720383E0,7.398198E-3,-3.645166E-1
3.737067E0,3.371519E-3,-3.641086E-1
3.753750E0,-7.014785E-4,-3.641674E-1
3.770433E0,-4.783503E-3,-3.626627E-1
3.787117E0,-8.817981E-3,-3.623069E-1
3.803800E0,-1.222314E-2,-3.639376E-1
3.820483E0,-1.622480E-2,-3.636905E-1
3.837167E0,-1.964233E-2,-3.640359E-1
3.853850E0,-2.306884E-2,-3.630568E-1
3.870533E0,-2.645222E-2,-3.609509E-1
3.887217E0,-2.963430E-2,-3.598056E-1
3.903900E0,-3.243998E-2,-3.598525E-1
3.920583E0,-3.497815E-2,-3.593082E-1
3.937267E0,-3.721304E-2,-3.591263E-1
3.953950E0,-3.913333E-2,-3.586237E-1
3.970633E0,-4.069758E-2,-3.585735E-1
3.987317E0,-4.202902E-2,-3.583945E-1
4.004000E0,-4.329020E-2,-3.581839E-1
4.020683E0,-4.396226E-2,-3.582309E-1
4.037367E0,-4.416885E-2,-3.582198E-1
4.054050E0,-4.446501E-2,-3.581932E-1
4.070733E0,-4.414802E-2,-3.582084E-1
4.087417E0,-4.343437E-2,-3.584247E-1
4.104100E0,-4.253245E-2,-3.586092E-1
4.120783E0,-4.129251E-2,-3.586577E-1
4.137467E0,-3.959727E-2,-3.586616E-1
4.154150E0,-3.783436E-2,-3.590616E-1
4.170833E0,-3.565798E-2,-3.592948E-1
4.187517E0,-3.320385E-2,-3.595192E-1
4.204200E0,-3.048716E-2,-3.598710E-1
4.220883E0,-2.765935E-2,-3.599198E-1
4.237567E0,-2.436879E-2,-3.600399E-1
4.254250E0,-2.066089E-2,-3.634542E-1
4.270933E0,-1.759534E-2,-3.605618E-1
4.287617E0,-1.363454E-2,-3.624553E-1
4.304300E0,-1.012548E-2,-3.610981E-1
4.320983E0,-6.112199E-3,-3.621191E-1
4.337667E0,-2.131196E-3,-3.625027E-1
4.354350E0,1.920803E-3,-3.641432E-1
4.371033E0,5.571676E-3,-3.620355E-1
4.387717E0,9.448562E-3,-3.620144E-1
4.404400E0,1.343306E-2,-3.623516E-1
4.421083E0,1.748970E-2,-3.640841E-1
4.437767E0,2.088021E-2,-3.628126E-1
4.454450E0,2.431781E-2,-3.631036E-1
4.471133E0,2.699473E-2,-3.602587E-1
4.487817E0,3.035079E-2,-3.613529E-1
4.504500E0,3.308977E-2,-3.609805E-1
4.521183E0,3.511087E-2,-3.595448E-1
4.537867E0,3.851933E-2,-3.630201E-1
4.554550E0,4.048458E-2,-3.633104E-1
4.571233E0,4.186923E-2,-3.620041E-1
4.587917E0,4.322320E-2,-3.617472E-1
4.604600E0,4.451724E-2,-3.628240E-1
4.621283E0,4.521057E-2,-3.627227E-1
4.637967E0,4.530156E-2,-3.622180E-1
4.654650E0,4.529146E-2,-3.622892E-1
4.671333E0,4.462998E-2,-3.608643E-1
4.688017E0,4.389761E-2,-3.612833E-1
4.704700E0,4.324434E-2,-3.624871E-1
4.721383E0,4.185439E-2,-3.627866E-1
4.738067E0,3.989357E-2,-3.617857E-1
4.754750E0,3.783059E-2,-3.619966E-1
4.771433E0,3.578448E-2,-3.628080E-1
4.788117E0,3.314653E-2,-3.630455E-1
4.804800E0,3.038983E-2,-3.634354E-1
4.821483E0,2.700610E-2,-3.617494E-1
4.838167E0,2.364737E-2,-3.612238E-1
4.854850E0,2.022645E-2,-3.619727E-1
4.871533E0,1.682105E-2,-3.628733E-1
4.888217E0,1.346083E-2,-3.639671E-1
4.904900E0,9.422979E-3,-3.632699E-1
4.921583E0,5.352943E-3,-3.622957E-1
4.938267E0,1.395958E-3,-3.611239E-1
4.954950E0,-2.543456E-3,-3.610624E-1
4.971633E0,-6.479462E-3,-3.610883E-1
4.988317E0,-1.024174E-2,-3.619978E-1
5.005000E0,-1.391325E-2,-3.607889E-1
5.021683E0,-1.759817E-2,-3.609354E-1
5.038367E0,-2.080885E-2,-3.605973E-1
5.055050E0,-2.437085E-2,-3.605861E-1
5.071733E0,-2.718458E-2,-3.606152E-1
5.088417E0,-3.017360E-2,-3.599192E-1
5.105100E0,-3.301180E-2,-3.592942E-1
5.121783E0,-3.526436E-2,-3.591434E-1
5.138467E0,-3.731575E-2,-3.590029E-1
5.155150E0,-3.925132E-2,-3.587797E-1
5.171833E0,-4.067505E-2,-3.586439E-1
5.188517E0,-4.192491E-2,-3.585728E-1
5.205200E0,-4.269393E-2,-3.584191E-1
5.221883E0,-4.333065E-2,-3.582038E-1
5.238567E0,-4.339192E-2,-3.582307E-1
5.255250E0,-4.336051E-2,-3.582470E-1
5.271933E0,-4.279336E-2,-3.584624E-1
5.288617E0,-4.223515E-2,-3.585493E-1
5.305300E0,-4.130659E-2,-3.586543E-1
5.321983E0,-3.991331E-2,-3.587501E-1
5.338667E0,-3.818291E-2,-3.590731E-1
5.355350E0,-3.631779E-2,-3.592059E-1
5.372033E0,-3.394595E-2,-3.598066E-1
5.388717E0,-3.147880E-2,-3.598008E-1
5.405400E0,-2.884255E-2,-3.598960E-1
5.422083E0,-2.581549E-2,-3.605127E-1
5.438767E0,-2.242138E-2,-3.605540E-1
5.455450E0,-1.905996E-2,-3.610758E-1
5.472133E0,-1.562199E-2,-3.612235E-1
5.488817E0,-1.205140E-2,-3.606851E-1
5.505500E0,-8.188994E-3,-3.615493E-1
5.522183E0,-4.642915E-3,-3.610606E-1
5.538867E0,-6.781085E-4,-3.613602E-1
5.555550E0,2.960648E-3,-3.608401E-1
5.572233E0,6.717821E-3,-3.610641E-1
5.588917E0,1.078194E-2,-3.623537E-1
5.605600E0,1.427277E-2,-3.608188E-1
5.622283E0,1.825266E-2,-3.621151E-1
5.638967E0,2.165706E-2,-3.612180E-1
5.655650E0,2.495275E-2,-3.615164E-1
5.672333E0,2.835185E-2,-3.635800E-1
5.689017E0,3.044798E-2,-3.600765E-1
5.705700E0,3.305707E-2,-3.601360E-1
5.722383E0,3.579029E-2,-3.606608E-1
5.739067E0,3.780423E-2,-3.599819E-1
5.755750E0,3.986714E-2,-3.603629E-1
5.772433E0,4.121489E-2,-3.598800E-1
5.789117E0,4.190328E-2,-3.581716E-1
5.805800E0,4.319033E-2,-3.592927E-1
5.822483E0,4.386646E-2,-3.599125E-1
5.839167E0,4.386838E-2,-3.592870E-1
5.855850E0,4.389804E-2,-3.596195E-1
5.872533E0,4.320801E-2,-3.591792E-1
5.889217E0,4.254767E-2,-3.595786E-1
5.905900E0,4.118992E-2,-3.590955E-1
5.922583E0,3.977776E-2,-3.595111E-1
5.939267E0,3.785121E-2,-3.587378E-1
5.955950E0,3.578992E-2,-3.588374E-1
5.972633E0,3.375552E-2,-3.603094E-1
5.989317E0,3.104787E-2,-3.604989E-1
6.006000E0,2.827397E-2,-3.608821E-1
6.022683E0,2.502432E-2,-3.605681E-1
6.039367E0,2.168385E-2,-3.601836E-1
6.056050E0,1.829555E-2,-3.602819E-1
6.072733E0,1.478893E-2,-3.609430E-1
6.089417E0,1.142428E-2,-3.626128E-1
6.106100E0,7.363867E-3,-3.610876E-1
6.122783E0,3.504062E-3,-3.608267E-1
6.139467E0,-6.828975E-5,-3.614288E-1
6.156150E0,-4.056388E-3,-3.608900E-1
6.172833E0,-7.480806E-3,-3.628398E-1
6.189517E0,-1.143587E-2,-3.608812E-1
6.206200E0,-1.471178E-2,-3.627479E-1
6.222883E0,-1.834102E-2,-3.618468E-1
6.239567E0,-2.169366E-2,-3.605706E-1
6.256250E0,-2.486584E-2,-3.622799E-1
6.272933E0,-2.778312E-2,-3.627265E-1
6.289617E0,-3.048799E-2,-3.624020E-1
6.306300E0,-3.310095E-2,-3.620642E-1
6.322983E0,-3.522359E-2,-3.620691E-1
6.339667E0,-3.724372E-2,-3.618492E-1
6.356350E0,-3.909646E-2,-3.588878E-1
6.373033E0,-4.048266E-2,-3.589915E-1
6.389717E0,-4.167131E-2,-3.587266E-1
6.406400E0,-4.242981E-2,-3.588276E-1
6.423083E0,-4.278000E-2,-3.588388E-1
6.439767E0,-4.297449E-2,-3.588659E-1
6.456450E0,-4.273381E-2,-3.590616E-1
6.473133E0,-4.227690E-2,-3.589151E-1
6.489817E0,-4.138756E-2,-3.592057E-1
6.506500E0,-4.004372E-2,-3.592741E-1
6.523183E0,-3.862445E-2,-3.598093E-1
6.539867E0,-3.701320E-2,-3.594144E-1
6.556550E0,-3.486423E-2,-3.596075E-1
6.573233E0,-3.250474E-2,-3.601069E-1
6.589917E0,-2.985538E-2,-3.609233E-1
6.606600E0,-2.711250E-2,-3.610623E-1
6.623283E0,-2.376820E-2,-3.619196E-1
6.639967E0,-2.036829E-2,-3.618401E-1
6.656650E0,-1.701695E-2,-3.625096E-1
6.673333E0,-1.354245E-2,-3.633580E-1
6.690017E0,-1.012236E-2,-3.627908E-1
6.706700E0,-6.092678E-3,-3.637335E-1
6.723383E0,-2.118659E-3,-3.648326E-1
6.740067E0,1.350468E-3,-3.637614E-1
6.756750E0,5.368670E-3,-3.648109E-1
6.773433E0,9.395375E-3,-3.650527E-1
6.790117E0,1.280955E-2,-3.644055E-1
6.806800E0,1.617917E-2,-3.636526E-1
6.823483E0,1.960478E-2,-3.626834E-1
6.840167E0,2.295047E-2,-3.621361E-1
6.856850E0,2.633230E-2,-3.633352E-1
6.873533E0,2.900517E-2,-3.622665E-1
6.890217E0,3.173581E-2,-3.621009E-1
6.906900E0,3.445339E-2,-3.623961E-1
6.923583E0,3.652496E-2,-3.617631E-1
6.940267E0,3.851708E-2,-3.617328E-1
6.956950E0,3.992100E-2,-3.609099E-1
6.973633E0,4.119157E-2,-3.607571E-1
6.990317E0,4.252465E-2,-3.619646E-1
7.007000E0,4.322173E-2,-3.618600E-1
7.023683E0,4.388666E-2,-3.624995E-1
7.040367E0,4.391010E-2,-3.623786E-1
7.057050E0,4.323179E-2,-3.614452E-1
7.073733E0,4.254897E-2,-3.613416E-1
7.090417E0,4.182872E-2,-3.620955E-1
7.107100E0,4.056779E-2,-3.616454E-1
7.123783E0,3.918055E-2,-3.626275E-1
7.140467E0,3.715354E-2,-3.626203E-1
7.157150E0,3.510796E-2,-3.628210E-1
7.173833E0,3.245096E-2,-3.626026E-1
7.190517E0,2.978993E-2,-3.624418E-1
7.207200E0,2.706930E-2,-3.631350E-1
7.223883E0,2.433195E-2,-3.644244E-1
7.240567E0,2.093619E-2,-3.646734E-1
7.257250E0,1.755257E-2,-3.650867E-1
7.273933E0,1.410028E-2,-3.652764E-1
7.290617E0,1.017209E-2,-3.639603E-1
7.307300E0,6.675557E-3,-3.653501E-1
7.323983E0,2.688161E-3,-3.637674E-1
7.340667E0,-1.297008E-3,-3.620006E-1
7.357350E0,-5.287263E-3,-3.616087E-1
7.374033E0,-8.774591E-3,-3.619351E-1
7.390717E0,-1.217798E-2,-3.640603E-1
7.407400E0,-1.562233E-2,-3.645357E-1
7.424083E0,-1.898643E-2,-3.644515E-1
7.440767E0,-2.235085E-2,-3.642719E-1
7.457450E0,-2.558620E-2,-3.613644E-1
7.474133E0,-2.842767E-2,-3.614854E-1
7.490817E0,-3.112465E-2,-3.612436E-1
7.507500E0,-3.319366E-2,-3.633830E-1
7.524183E0,-3.553748E-2,-3.608208E-1
7.540867E0,-3.726651E-2,-3.628104E-1
7.557550E0,-3.896192E-2,-3.604358E-1
7.574233E0,-4.021149E-2,-3.601257E-1
7.590917E0,-4.129963E-2,-3.590795E-1
7.607600E0,-4.195501E-2,-3.594524E-1
7.624283E0,-4.204383E-2,-3.590667E-1
7.640967E0,-4.201513E-2,-3.590302E-1
7.657650E0,-4.180040E-2,-3.599029E-1
7.674333E0,-4.117110E-2,-3.595266E-1
7.691017E0,-4.005303E-2,-3.598945E-1
7.707700E0,-3.880260E-2,-3.602055E-1
7.724383E0,-3.727311E-2,-3.596860E-1
7.741067E0,-3.569940E-2,-3.593390E-1
7.757750E0,-3.325226E-2,-3.610308E-1
7.774433E0,-3.112668E-2,-3.599215E-1
7.791117E0,-2.848823E-2,-3.599521E-1
7.807800E0,-2.564830E-2,-3.602220E-1
7.824483E0,-2.275569E-2,-3.605324E-1
7.841167E0,-1.952687E-2,-3.605675E-1
7.857850E0,-1.614358E-2,-3.605525E-1
7.874533E0,-1.280543E-2,-3.605140E-1
7.891217E0,-8.897708E-3,-3.615809E-1
7.907900E0,-5.501553E-3,-3.611337E-1
7.924583E0,-1.448910E-3,-3.621089E-1
7.941267E0,1.966400E-3,-3.612462E-1
7.957950E0,6.024014E-3,-3.624684E-1
7.974633E0,9.401207E-3,-3.610056E-1
7.991317E0,1.344579E-2,-3.636028E-1
8.008000E0,1.680350E-2,-3.618612E-1
8.024683E0,1.966682E-2,-3.603967E-1
8.041367E0,2.295107E-2,-3.603882E-1
8.058050E0,2.625078E-2,-3.611739E-1
8.074733E0,2.895997E-2,-3.608495E-1
8.091417E0,3.165079E-2,-3.609072E-1
8.108100E0,3.441700E-2,-3.625312E-1
8.124783E0,3.644240E-2,-3.623437E-1
8.141467E0,3.841498E-2,-3.621490E-1
8.158150E0,3.983348E-2,-3.617212E-1
8.174833E0,4.110304E-2,-3.621872E-1
8.191517E0,4.183977E-2,-3.611502E-1
8.208200E0,4.250327E-2,-3.612946E-1
8.224883E0,4.251204E-2,-3.606443E-1
8.241567E0,4.250467E-2,-3.606738E-1
8.258250E0,4.252766E-2,-3.616866E-1
8.274933E0,4.181940E-2,-3.620461E-1
8.291617E0,4.048712E-2,-3.613501E-1
8.308300E0,3.916288E-2,-3.609793E-1
8.324983E0,3.780238E-2,-3.625193E-1
8.341667E0,3.576888E-2,-3.625555E-1
8.358350E0,3.371522E-2,-3.628839E-1
8.375033E0,3.106437E-2,-3.616757E-1
8.391717E0,2.829889E-2,-3.621108E-1
8.408400E0,2.565849E-2,-3.631594E-1
8.425083E0,2.296125E-2,-3.644240E-1
8.441767E0,1.956032E-2,-3.646565E-1
8.458450E0,1.612179E-2,-3.643909E-1
8.475133E0,1.276725E-2,-3.649447E-1
8.491817E0,8.785920E-3,-3.632405E-1
8.508500E0,5.339902E-3,-3.649630E-1
8.525183E0,1.331066E-3,-3.634023E-1
8.541867E0,-2.112502E-3,-3.647939E-1
8.558550E0,-6.054797E-3,-3.626288E-1
8.575233E0,-9.490991E-3,-3.648715E-1
8.591917E0,-1.348263E-2,-3.610664E-1
8.608600E0,-1.694475E-2,-3.609632E-1
8.625283E0,-1.970046E-2,-3.637645E-1
8.641967E0,-2.301941E-2,-3.629987E-1
8.658650E0,-2.628893E-2,-3.605144E-1
8.675333E0,-2.901601E-2,-3.603163E-1
8.692017E0,-3.120081E-2,-3.631673E-1
8.708700E0,-3.376234E-2,-3.597056E-1
8.725383E0,-3.580849E-2,-3.594972E-1
8.742067E0,-3.733128E-2,-3.592699E-1
8.758750E0,-3.866667E-2,-3.600353E-1
8.775433E0,-3.993035E-2,-3.594514E-1
8.792117E0,-4.063773E-2,-3.590701E-1
8.808800E0,-4.128851E-2,-3.590377E-1
8.825483E0,-4.134874E-2,-3.594268E-1
8.842167E0,-4.129974E-2,-3.596815E-1
8.858850E0,-4.065454E-2,-3.603326E-1
8.875533E0,-3.996448E-2,-3.604027E-1
8.892217E0,-3.915705E-2,-3.592816E-1
8.908900E0,-3.783216E-2,-3.593273E-1
8.925583E0,-3.591963E-2,-3.609292E-1
8.942267E0,-3.425757E-2,-3.595469E-1
8.958950E0,-3.187709E-2,-3.612830E-1
8.975633E0,-2.969376E-2,-3.601900E-1
8.992317E0,-2.702570E-2,-3.603863E-1
9.009000E0,-2.427808E-2,-3.605194E-1
9.025683E0,-2.095204E-2,-3.606620E-1
9.042367E0,-1.767808E-2,-3.617888E-1
9.059050E0,-1.431860E-2,-3.625575E-1
9.075733E0,-1.084778E-2,-3.620325E-1
9.092417E0,-7.443010E-3,-3.617563E-1
9.109100E0,-3.452738E-3,-3.643133E-1
9.125783E0,-6.209020E-5,-3.622320E-1
9.142467E0,3.427425E-3,-3.613647E-1
9.159150E0,7.341749E-3,-3.630430E-1
9.175833E0,1.088059E-2,-3.633488E-1
9.192517E0,1.426245E-2,-3.625584E-1
9.209200E0,1.766439E-2,-3.624018E-1
9.225883E0,2.091939E-2,-3.627721E-1
9.242567E0,2.423166E-2,-3.636477E-1
9.259250E0,2.699510E-2,-3.622578E-1
9.275933E0,2.968751E-2,-3.618406E-1
9.292617E0,3.175529E-2,-3.597870E-1
9.309300E0,3.382649E-2,-3.591645E-1
9.325983E0,3.578525E-2,-3.591182E-1
9.342667E0,3.774525E-2,-3.600615E-1
9.359350E0,3.910952E-2,-3.599959E-1
9.376033E0,4.050425E-2,-3.602213E-1
9.392717E0,4.114649E-2,-3.599478E-1
9.409400E0,4.179017E-2,-3.600629E-1
9.426083E0,4.181065E-2,-3.600130E-1
9.442767E0,4.181910E-2,-3.600117E-1
9.459450E0,4.122940E-2,-3.596954E-1
9.476133E0,4.045539E-2,-3.600837E-1
9.492817E0,3.913225E-2,-3.595078E-1
9.509500E0,3.784377E-2,-3.596532E-1
9.526183E0,3.645084E-2,-3.604234E-1
9.542867E0,3.443848E-2,-3.610475E-1
9.559550E0,3.177379E-2,-3.597602E-1
9.576233E0,2.969710E-2,-3.612113E-1
9.592917E0,2.699590E-2,-3.612678E-1
9.609600E0,2.427178E-2,-3.618077E-1
9.626283E0,2.157067E-2,-3.642810E-1
9.642967E0,1.825297E-2,-3.638641E-1
9.659650E0,1.482880E-2,-3.639379E-1
9.676333E0,1.145526E-2,-3.646771E-1
9.693017E0,7.384740E-3,-3.622691E-1
9.709700E0,4.016989E-3,-3.632537E-1
9.726383E0,6.259759E-4,-3.648832E-1
9.743067E0,-3.429194E-3,-3.624461E-1
9.759750E0,-6.755834E-3,-3.643322E-1
9.776433E0,-1.018473E-2,-3.648709E-1
9.793117E0,-1.355020E-2,-3.647666E-1
9.809800E0,-1.692378E-2,-3.647770E-1
9.826483E0,-1.970964E-2,-3.646723E-1
9.843167E0,-2.351544E-2,-3.605538E-1
9.859850E0,-2.638274E-2,-3.599922E-1
9.876533E0,-2.906375E-2,-3.598601E-1
9.893217E0,-3.119654E-2,-3.637340E-1
9.909900E0,-3.323888E-2,-3.633828E-1
9.926583E0,-3.523895E-2,-3.630792E-1
9.943267E0,-3.709157E-2,-3.593002E-1
9.959950E0,-3.844916E-2,-3.590004E-1
9.976633E0,-3.932212E-2,-3.586477E-1
9.993317E0,-4.026056E-2,-3.588919E-1
1.001000E1,-4.061748E-2,-3.586399E-1
1.002668E1,-4.068415E-2,-3.585717E-1
1.004337E1,-4.058093E-2,-3.586213E-1
1.006005E1,-4.000539E-2,-3.585728E-1
1.007673E1,-3.916679E-2,-3.591276E-1
1.009342E1,-3.800727E-2,-3.588802E-1
1.011010E1,-3.663200E-2,-3.590307E-1
1.012678E1,-3.507348E-2,-3.592644E-1
1.014347E1,-3.313172E-2,-3.595841E-1
1.016015E1,-3.086747E-2,-3.597657E-1
1.017683E1,-2.845163E-2,-3.599523E-1
1.019352E1,-2.575357E-2,-3.603083E-1
1.021020E1,-2.297543E-2,-3.602394E-1
1.022688E1,-1.971113E-2,-3.610045E-1
1.024357E1,-1.628981E-2,-3.638619E-1
1.026025E1,-1.289811E-2,-3.642530E-1
1.027693E1,-1.008238E-2,-3.606481E-1
1.029362E1,-6.157417E-3,-3.631657E-1
1.031030E1,-2.749006E-3,-3.622464E-1
1.032698E1,6.769966E-4,-3.609372E-1
1.034367E1,4.682430E-3,-3.636166E-1
1.036035E1,8.102295E-3,-3.625336E-1
1.037703E1,1.145961E-2,-3.615676E-1
1.039372E1,1.486319E-2,-3.612900E-1
1.041040E1,1.822122E-2,-3.620809E-1
1.042708E1,2.161398E-2,-3.626620E-1
1.044377E1,2.433547E-2,-3.610711E-1
1.046045E1,2.703139E-2,-3.606221E-1
1.047713E1,2.969515E-2,-3.607363E-1
1.049382E1,3.237709E-2,-3.621217E-1
1.051050E1,3.441037E-2,-3.607497E-1
1.052718E1,3.644416E-2,-3.613288E-1
1.054387E1,3.782916E-2,-3.604763E-1
1.056055E1,3.920100E-2,-3.602991E-1
1.057723E1,4.051613E-2,-3.619515E-1
1.059392E1,4.119702E-2,-3.618774E-1
1.061060E1,4.119798E-2,-3.599446E-1
1.062728E1,4.119443E-2,-3.599435E-1
1.064397E1,4.049839E-2,-3.585808E-1
1.066065E1,4.051970E-2,-3.605470E-1
1.067733E1,3.982519E-2,-3.613267E-1
1.069402E1,3.851414E-2,-3.605215E-1
1.071070E1,3.710581E-2,-3.608523E-1
1.072738E1,3.515183E-2,-3.597388E-1
1.074407E1,3.308183E-2,-3.599875E-1
1.076075E1,3.106313E-2,-3.613489E-1
1.077743E1,2.841660E-2,-3.610249E-1
1.079412E1,2.566669E-2,-3.614994E-1
1.081080E1,2.295749E-2,-3.620545E-1
1.082748E1,2.025636E-2,-3.641342E-1
1.084417E1,1.688681E-2,-3.631311E-1
1.086085E1,1.349606E-2,-3.626667E-1
1.087753E1,1.008176E-2,-3.636204E-1
1.089422E1,6.721422E-3,-3.636065E-1
1.091090E1,2.758102E-3,-3.608196E-1
1.092758E1,-7.362179E-4,-3.610129E-1
1.094427E1,-4.101107E-3,-3.623449E-1
1.096095E1,-7.524809E-3,-3.638239E-1
1.097763E1,-1.089313E-2,-3.638136E-1
1.099432E1,-1.422709E-2,-3.633776E-1
1.101100E1,-1.763035E-2,-3.632263E-1
1.102768E1,-2.092319E-2,-3.613938E-1
1.104437E1,-2.378335E-2,-3.618572E-1
1.106105E1,-2.645933E-2,-3.615183E-1
1.107773E1,-2.905325E-2,-3.609096E-1
1.109442E1,-3.121061E-2,-3.634096E-1
1.111110E1,-3.318858E-2,-3.634017E-1
1.112778E1,-3.510058E-2,-3.631426E-1
1.114447E1,-3.660388E-2,-3.630711E-1
1.116115E1,-3.778647E-2,-3.627450E-1
1.117783E1,-3.886496E-2,-3.604236E-1
1.119452E1,-3.968871E-2,-3.605483E-1
1.121120E1,-3.993603E-2,-3.625781E-1
1.122788E1,-3.992242E-2,-3.624618E-1
1.124457E1,-3.966895E-2,-3.612141E-1
1.126125E1,-3.920688E-2,-3.606581E-1
1.127793E1,-3.837409E-2,-3.608575E-1
1.129462E1,-3.720270E-2,-3.610346E-1
1.131130E1,-3.573343E-2,-3.611650E-1
1.132798E1,-3.385411E-2,-3.618129E-1
1.134467E1,-3.181359E-2,-3.619350E-1
1.136135E1,-2.967967E-2,-3.616600E-1
1.137803E1,-2.710758E-2,-3.618942E-1
1.139472E1,-2.438465E-2,-3.620870E-1
1.141140E1,-2.105033E-2,-3.646732E-1
1.142808E1,-1.834871E-2,-3.632518E-1
1.144477E1,-1.495599E-2,-3.630845E-1
1.146145E1,-1.204328E-2,-3.605181E-1
1.147813E1,-8.727512E-3,-3.604281E-1
1.149482E1,-5.364812E-3,-3.604773E-1
1.151150E1,-1.430225E-3,-3.638199E-1
1.152818E1,2.001579E-3,-3.631000E-1
1.154487E1,5.423570E-3,-3.619240E-1
1.156155E1,9.391253E-3,-3.644332E-1
1.157823E1,1.282194E-2,-3.635914E-1
1.159492E1,1.616214E-2,-3.643366E-1
1.161160E1,1.892660E-2,-3.619823E-1
1.162828E1,2.225030E-2,-3.629295E-1
1.164497E1,2.500779E-2,-3.621535E-1
1.166165E1,2.772000E-2,-3.620456E-1
1.167833E1,3.037694E-2,-3.626976E-1
1.169502E1,3.243153E-2,-3.614082E-1
1.171170E1,3.451592E-2,-3.610223E-1
1.172838E1,3.643487E-2,-3.621090E-1
1.174507E1,3.719852E-2,-3.586373E-1
1.176175E1,3.844432E-2,-3.592806E-1
1.177843E1,3.923848E-2,-3.585871E-1
1.179512E1,3.978744E-2,-3.587898E-1
1.181180E1,4.047091E-2,-3.600638E-1
1.182848E1,4.047905E-2,-3.600331E-1
1.184517E1,3.981225E-2,-3.587442E-1
1.186185E1,3.915913E-2,-3.586541E-1
1.187853E1,3.849969E-2,-3.596595E-1
1.189522E1,3.708239E-2,-3.588591E-1
1.191190E1,3.573962E-2,-3.600689E-1
1.192858E1,3.376406E-2,-3.591418E-1
1.194527E1,3.173080E-2,-3.594492E-1
1.196195E1,2.964380E-2,-3.606927E-1
1.197863E1,2.701039E-2,-3.597417E-1
1.199532E1,2.432483E-2,-3.598971E-1
1.201200E1,2.160088E-2,-3.614244E-1
1.202868E1,1.886928E-2,-3.636981E-1
1.204537E1,1.551430E-2,-3.629466E-1
1.206205E1,1.222777E-2,-3.625801E-1
1.207873E1,8.771043E-3,-3.633229E-1
1.209542E1,5.315528E-3,-3.637746E-1
1.211210E1,1.993815E-3,-3.636372E-1
1.212878E1,-1.408187E-3,-3.639695E-1
1.214547E1,-5.286149E-3,-3.621168E-1
1.216215E1,-8.770872E-3,-3.624248E-1
1.217883E1,-1.214926E-2,-3.623844E-1
1.219552E1,-1.543279E-2,-3.617438E-1
1.221220E1,-1.871875E-2,-3.614075E-1
1.222888E1,-2.163123E-2,-3.616853E-1
1.224557E1,-2.445407E-2,-3.619149E-1
1.226225E1,-2.705827E-2,-3.615282E-1
1.227893E1,-2.953407E-2,-3.608846E-1
1.229562E1,-3.185040E-2,-3.611926E-1
1.231230E1,-3.374968E-2,-3.604031E-1
1.232898E1,-3.528381E-2,-3.604353E-1
1.234567E1,-3.665366E-2,-3.603564E-1
1.236235E1,-3.789832E-2,-3.601794E-1
1.237903E1,-3.863536E-2,-3.600170E-1
1.239572E1,-3.916070E-2,-3.600324E-1
1.241240E1,-3.931637E-2,-3.601941E-1
1.242908E1,-3.929599E-2,-3.602356E-1
1.244577E1,-3.873910E-2,-3.600732E-1
1.246245E1,-3.829146E-2,-3.602000E-1
1.247913E1,-3.726045E-2,-3.602982E-1
1.249582E1,-3.599097E-2,-3.605198E-1
1.251250E1,-3.453950E-2,-3.620542E-1
1.252918E1,-3.257295E-2,-3.630941E-1
1.254587E1,-3.052870E-2,-3.631974E-1
1.256255E1,-2.836198E-2,-3.608676E-1
1.257923E1,-2.573657E-2,-3.621725E-1
1.259592E1,-2.299939E-2,-3.621001E-1
1.261260E1,-2.007636E-2,-3.615085E-1
1.262928E1,-1.696053E-2,-3.624209E-1
1.264597E1,-1.362897E-2,-3.626554E-1
1.266265E1,-1.063933E-2,-3.612189E-1
1.267933E1,-7.382298E-3,-3.617125E-1
1.269602E1,-3.951570E-3,-3.616577E-1
1.271270E1,-5.326643E-4,-3.612147E-1
1.272938E1,3.321827E-3,-3.642387E-1
1.274607E1,6.712060E-3,-3.642830E-1
1.276275E1,1.013208E-2,-3.634796E-1
1.277943E1,1.351450E-2,-3.638708E-1
1.279612E1,1.687546E-2,-3.648922E-1
1.281280E1,1.952944E-2,-3.616206E-1
1.282948E1,2.232679E-2,-3.604321E-1
1.284617E1,2.501482E-2,-3.604597E-1
1.286285E1,2.770674E-2,-3.604077E-1
1.287953E1,3.039823E-2,-3.626556E-1
1.289622E1,3.231410E-2,-3.608393E-1
1.291290E1,3.443064E-2,-3.621480E-1
1.292958E1,3.579016E-2,-3.598514E-1
1.294627E1,3.716046E-2,-3.596906E-1
1.296295E1,3.849675E-2,-3.603505E-1
1.297963E1,3.914812E-2,-3.603453E-1
1.299632E1,3.978528E-2,-3.608081E-1
1.301300E1,3.978715E-2,-3.601139E-1
1.302968E1,3.982125E-2,-3.604934E-1
1.304637E1,3.911855E-2,-3.594153E-1
1.306305E1,3.851189E-2,-3.596729E-1
1.307973E1,3.714108E-2,-3.588163E-1
1.309642E1,3.581315E-2,-3.592305E-1
1.311310E1,3.440175E-2,-3.599531E-1
1.312978E1,3.240487E-2,-3.595417E-1
1.314647E1,3.041075E-2,-3.597301E-1
1.316315E1,2.827100E-2,-3.608285E-1
1.317983E1,2.563441E-2,-3.604785E-1
1.319652E1,2.292116E-2,-3.606229E-1
1.321320E1,2.018676E-2,-3.615265E-1
1.322988E1,1.688367E-2,-3.607454E-1
1.324657E1,1.418079E-2,-3.631455E-1
1.326325E1,1.078896E-2,-3.627485E-1
1.327993E1,7.429117E-3,-3.640123E-1
1.329662E1,4.051743E-3,-3.641978E-1
1.331330E1,6.694647E-4,-3.641910E-1
1.332998E1,-2.778414E-3,-3.645485E-1
1.334667E1,-6.771923E-3,-3.623607E-1
1.336335E1,-1.010789E-2,-3.620204E-1
1.338003E1,-1.340021E-2,-3.619057E-1
1.339672E1,-1.665464E-2,-3.611815E-1
1.341340E1,-1.962948E-2,-3.623715E-1
1.343008E1,-2.242121E-2,-3.611097E-1
1.344677E1,-2.507165E-2,-3.625911E-1
1.346345E1,-2.765060E-2,-3.609304E-1
1.348013E1,-2.983821E-2,-3.622881E-1
1.349682E1,-3.189589E-2,-3.627207E-1
1.351350E1,-3.378920E-2,-3.595149E-1
1.353018E1,-3.524710E-2,-3.617775E-1
1.354687E1,-3.652630E-2,-3.620507E-1
1.356355E1,-3.733284E-2,-3.618430E-1
1.358023E1,-3.796818E-2,-3.621230E-1
1.359692E1,-3.852492E-2,-3.598999E-1
1.361360E1,-3.855142E-2,-3.620605E-1
1.363028E1,-3.844475E-2,-3.614335E-1
1.364697E1,-3.790185E-2,-3.621944E-1
1.366365E1,-3.718716E-2,-3.603709E-1
1.368033E1,-3.594012E-2,-3.627992E-1
1.369702E1,-3.456475E-2,-3.628944E-1
1.371370E1,-3.310865E-2,-3.628526E-1
1.373038E1,-3.110384E-2,-3.629642E-1
1.374707E1,-2.907563E-2,-3.628899E-1
1.376375E1,-2.687083E-2,-3.599713E-1
1.378043E1,-2.439267E-2,-3.605554E-1
1.379712E1,-2.164452E-2,-3.602877E-1
1.381380E1,-1.831961E-2,-3.630520E-1
1.383048E1,-1.553300E-2,-3.621618E-1
1.384717E1,-1.222022E-2,-3.631532E-1
1.386385E1,-8.820285E-3,-3.648839E-1
1.388053E1,-5.430245E-3,-3.649622E-1
1.389722E1,-2.016908E-3,-3.647338E-1
1.391390E1,1.363295E-3,-3.648971E-1
1.393058E1,4.751876E-3,-3.636811E-1
1.394727E1,8.114224E-3,-3.636236E-1
1.396395E1,1.149368E-2,-3.636487E-1
1.398063E1,1.486913E-2,-3.644929E-1
1.399732E1,1.764407E-2,-3.625153E-1
1.401400E1,2.089719E-2,-3.643391E-1
1.403068E1,2.372885E-2,-3.626838E-1
1.404737E1,2.635168E-2,-3.629329E-1
1.406405E1,2.836697E-2,-3.607301E-1
1.408073E1,3.045373E-2,-3.599162E-1
1.409742E1,3.248930E-2,-3.597573E-1
1.411410E1,3.512131E-2,-3.634002E-1
1.413078E1,3.648629E-2,-3.619484E-1
1.414747E1,3.713778E-2,-3.598477E-1
1.416415E1,3.785133E-2,-3.590566E-1
1.418083E1,3.849117E-2,-3.592378E-1
1.419752E1,3.907205E-2,-3.601850E-1
1.421420E1,3.909253E-2,-3.600790E-1
1.423088E1,3.849921E-2,-3.588222E-1
1.424757E1,3.842691E-2,-3.600768E-1
1.426425E1,3.718483E-2,-3.587991E-1
1.428093E1,3.646185E-2,-3.596539E-1
1.429762E1,3.508845E-2,-3.603985E-1
1.431430E1,3.305309E-2,-3.595642E-1
1.433098E1,3.112380E-2,-3.594143E-1
1.434767E1,2.895829E-2,-3.602252E-1
1.436435E1,2.651845E-2,-3.597906E-1
1.438103E1,2.431918E-2,-3.616667E-1
1.439772E1,2.100756E-2,-3.602041E-1
1.441440E1,1.818209E-2,-3.607380E-1
1.443108E1,1.551390E-2,-3.629594E-1
1.444777E1,1.218301E-2,-3.618973E-1
1.446445E1,8.765851E-3,-3.617078E-1
1.448113E1,5.393747E-3,-3.621141E-1
1.449782E1,2.024496E-3,-3.621498E-1
1.451450E1,-1.297320E-3,-3.614834E-1
1.453118E1,-4.746332E-3,-3.620402E-1
1.454787E1,-8.133303E-3,-3.621520E-1
1.456455E1,-1.131935E-2,-3.619964E-1
1.458123E1,-1.430526E-2,-3.645930E-1
1.459792E1,-1.754088E-2,-3.627137E-1
1.461460E1,-2.032217E-2,-3.636139E-1
1.463128E1,-2.341422E-2,-3.601210E-1
1.464797E1,-2.583799E-2,-3.604837E-1
1.466465E1,-2.832003E-2,-3.600012E-1
1.468133E1,-3.049889E-2,-3.599440E-1
1.469802E1,-3.240142E-2,-3.597307E-1
1.471470E1,-3.392903E-2,-3.597875E-1
1.473138E1,-3.528760E-2,-3.593056E-1
1.474807E1,-3.651366E-2,-3.591622E-1
1.476475E1,-3.726772E-2,-3.593186E-1
1.478143E1,-3.785694E-2,-3.591554E-1
1.479812E1,-3.803530E-2,-3.591022E-1
1.481480E1,-3.798981E-2,-3.591207E-1
1.483148E1,-3.786738E-2,-3.591381E-1
1.484817E1,-3.721987E-2,-3.592489E-1
1.486485E1,-3.649482E-2,-3.592683E-1
1.488153E1,-3.522013E-2,-3.596510E-1
1.489822E1,-3.383342E-2,-3.596505E-1
1.491490E1,-3.184293E-2,-3.627116E-1
1.493158E1,-3.022443E-2,-3.597892E-1
1.494827E1,-2.779379E-2,-3.632063E-1
1.496495E1,-2.564915E-2,-3.602671E-1
1.498163E1,-2.298495E-2,-3.633406E-1
1.499832E1,-2.030170E-2,-3.607585E-1
1.501500E1,-1.744919E-2,-3.607701E-1
1.503168E1,-1.431225E-2,-3.612411E-1
1.504837E1,-1.124095E-2,-3.609687E-1
1.506505E1,-8.056525E-3,-3.611645E-1
1.508173E1,-4.667816E-3,-3.611416E-1
1.509842E1,-1.365687E-3,-3.611301E-1
1.511510E1,2.007321E-3,-3.610929E-1
1.513178E1,5.364364E-3,-3.610643E-1
1.514847E1,8.700296E-3,-3.610317E-1
1.516515E1,1.209288E-2,-3.612193E-1
1.518183E1,1.498074E-2,-3.606825E-1
1.519852E1,1.816415E-2,-3.609137E-1
1.521520E1,2.106259E-2,-3.604664E-1
1.523188E1,2.366477E-2,-3.602421E-1
1.524857E1,2.628566E-2,-3.602739E-1
1.526525E1,2.857860E-2,-3.598355E-1
1.528193E1,3.167000E-2,-3.642455E-1
1.529862E1,3.372089E-2,-3.643143E-1
1.531530E1,3.509478E-2,-3.633708E-1
1.533198E1,3.647880E-2,-3.627656E-1
1.534867E1,3.775130E-2,-3.634780E-1
1.536535E1,3.851091E-2,-3.630201E-1
1.538203E1,3.913386E-2,-3.634868E-1
1.539872E1,3.923583E-2,-3.630078E-1
1.541540E1,3.917096E-2,-3.631304E-1
1.543208E1,3.842974E-2,-3.614948E-1
1.544877E1,3.779121E-2,-3.612615E-1
1.546545E1,3.712924E-2,-3.634524E-1
1.548213E1,3.582818E-2,-3.632558E-1
1.549882E1,3.443339E-2,-3.639375E-1
1.551550E1,3.241590E-2,-3.629576E-1
1.553218E1,3.037985E-2,-3.628010E-1
1.554887E1,2.835426E-2,-3.640431E-1
1.556555E1,2.569472E-2,-3.626135E-1
1.558223E1,2.296420E-2,-3.628006E-1
1.559892E1,2.029240E-2,-3.632160E-1
1.561560E1,1.693779E-2,-3.626226E-1
1.563228E1,1.416061E-2,-3.641720E-1
1.564897E1,1.083424E-2,-3.628123E-1
1.566565E1,7.467908E-3,-3.619911E-1
1.568233E1,4.067532E-3,-3.621937E-1
1.569902E1,7.264661E-4,-3.621367E-1
1.571570E1,-2.676572E-3,-3.619012E-1
1.573238E1,-6.065916E-3,-3.621111E-1
1.574907E1,-8.818958E-3,-3.650523E-1
1.576575E1,-1.222459E-2,-3.637422E-1
1.578243E1,-1.555917E-2,-3.621562E-1
1.579912E1,-1.828490E-2,-3.635092E-1
1.581580E1,-2.095122E-2,-3.622778E-1
1.583248E1,-2.373419E-2,-3.634326E-1
1.584917E1,-2.641407E-2,-3.612433E-1
1.586585E1,-2.843910E-2,-3.613344E-1
1.588253E1,-3.046387E-2,-3.631926E-1
1.589922E1,-3.248329E-2,-3.606179E-1
1.591590E1,-3.385690E-2,-3.626778E-1
1.593258E1,-3.520136E-2,-3.604858E-1
1.594927E1,-3.622137E-2,-3.603680E-1
1.596595E1,-3.711526E-2,-3.592823E-1
1.598263E1,-3.741293E-2,-3.592612E-1
1.599932E1,-3.782982E-2,-3.592722E-1
1.601600E1,-3.767036E-2,-3.592863E-1
1.603268E1,-3.727681E-2,-3.593142E-1
1.604937E1,-3.645081E-2,-3.592871E-1
1.606605E1,-3.557108E-2,-3.592665E-1
1.608273E1,-3.447166E-2,-3.593478E-1
1.609942E1,-3.294870E-2,-3.592859E-1
1.611610E1,-3.123647E-2,-3.598988E-1
1.613278E1,-2.918577E-2,-3.599387E-1
1.614947E1,-2.699829E-2,-3.599145E-1
1.616615E1,-2.443541E-2,-3.604903E-1
1.618283E1,-2.172177E-2,-3.605471E-1
1.619952E1,-1.897995E-2,-3.605914E-1
1.621620E1,-1.605875E-2,-3.609028E-1
1.623288E1,-1.292934E-2,-3.610162E-1
1.624957E1,-9.569368E-3,-3.621290E-1
1.626625E1,-6.122001E-3,-3.647984E-1
1.628293E1,-2.747519E-3,-3.648748E-1
1.629962E1,6.089836E-4,-3.651962E-1
1.631630E1,3.988133E-3,-3.651973E-1
1.633298E1,6.676125E-3,-3.619704E-1
1.634967E1,1.002839E-2,-3.622260E-1
1.636635E1,1.341079E-2,-3.629532E-1
1.638303E1,1.613653E-2,-3.615811E-1
1.639972E1,1.949339E-2,-3.629593E-1
1.641640E1,2.219468E-2,-3.622737E-1
1.643308E1,2.490620E-2,-3.622345E-1
1.644977E1,2.704377E-2,-3.610614E-1
1.646645E1,2.969162E-2,-3.631454E-1
1.648313E1,3.172499E-2,-3.631486E-1
1.649982E1,3.308079E-2,-3.613516E-1
1.651650E1,3.506831E-2,-3.626131E-1
1.653318E1,3.575765E-2,-3.604925E-1
1.654987E1,3.644358E-2,-3.592202E-1
1.656655E1,3.712121E-2,-3.592016E-1
1.658323E1,3.779520E-2,-3.596320E-1
1.659992E1,3.779627E-2,-3.597096E-1
1.661660E1,3.772924E-2,-3.601521E-1
1.663328E1,3.711888E-2,-3.597804E-1
1.664997E1,3.644904E-2,-3.597886E-1
1.666665E1,3.576404E-2,-3.610100E-1
1.668333E1,3.440149E-2,-3.613046E-1
1.670002E1,3.236925E-2,-3.602536E-1
1.671670E1,3.101504E-2,-3.621452E-1
1.673338E1,2.842946E-2,-3.600099E-1
1.675007E1,2.632183E-2,-3.603662E-1
1.676675E1,2.425477E-2,-3.627708E-1
1.678343E1,2.154050E-2,-3.628972E-1
1.680012E1,1.891840E-2,-3.637889E-1
1.681680E1,1.549910E-2,-3.612928E-1
1.683348E1,1.282596E-2,-3.631781E-1
1.685017E1,9.395912E-3,-3.622850E-1
1.686685E1,6.028711E-3,-3.622055E-1
1.688353E1,2.748096E-3,-3.610665E-1
1.690022E1,-6.335201E-4,-3.609067E-1
1.691690E1,-3.999479E-3,-3.610317E-1
1.693358E1,-6.811993E-3,-3.639694E-1
1.695027E1,-1.017105E-2,-3.607744E-1
1.696695E1,-1.338449E-2,-3.608041E-1
1.698363E1,-1.630380E-2,-3.617954E-1
1.700032E1,-1.900853E-2,-3.630502E-1
1.701700E1,-2.163643E-2,-3.625615E-1
1.703368E1,-2.439777E-2,-3.624952E-1
1.705037E1,-2.649926E-2,-3.633203E-1
1.706705E1,-2.888037E-2,-3.624311E-1
1.708373E1,-3.055868E-2,-3.629397E-1
1.710042E1,-3.239661E-2,-3.623065E-1
1.711710E1,-3.385846E-2,-3.623849E-1
1.713378E1,-3.501803E-2,-3.620367E-1
1.715047E1,-3.588238E-2,-3.622633E-1
1.716715E1,-3.650595E-2,-3.625208E-1
1.718383E1,-3.662696E-2,-3.627383E-1
1.720052E1,-3.662163E-2,-3.628275E-1
1.721720E1,-3.649714E-2,-3.626714E-1
1.723388E1,-3.591022E-2,-3.628179E-1
1.725057E1,-3.513812E-2,-3.628608E-1
1.726725E1,-3.413189E-2,-3.626873E-1
1.728393E1,-3.305437E-2,-3.627618E-1
1.730062E1,-3.121039E-2,-3.634469E-1
1.731730E1,-2.919287E-2,-3.636901E-1
1.733398E1,-2.714106E-2,-3.637555E-1
1.735067E1,-2.501236E-2,-3.636314E-1
1.736735E1,-2.230692E-2,-3.640894E-1
1.738403E1,-1.961893E-2,-3.646296E-1
1.740072E1,-1.687004E-2,-3.632688E-1
1.741740E1,-1.419858E-2,-3.620416E-1
1.743408E1,-1.084344E-2,-3.644319E-1
1.745077E1,-8.122429E-3,-3.620389E-1
1.746745E1,-4.745611E-3,-3.632191E-1
1.748413E1,-1.378182E-3,-3.635098E-1
1.750082E1,1.319820E-3,-3.611029E-1
1.751750E1,4.708187E-3,-3.617091E-1
1.753418E1,8.061197E-3,-3.622852E-1
1.755087E1,1.140480E-2,-3.623350E-1
1.756755E1,1.422293E-2,-3.613425E-1
1.758423E1,1.695981E-2,-3.606905E-1
1.760092E1,2.019380E-2,-3.620787E-1
1.761760E1,2.289182E-2,-3.616274E-1
1.763428E1,2.503857E-2,-3.605644E-1
1.765097E1,2.764185E-2,-3.613713E-1
1.766765E1,2.967272E-2,-3.608342E-1
1.768433E1,3.172913E-2,-3.612482E-1
1.770102E1,3.312256E-2,-3.606037E-1
1.771770E1,3.444170E-2,-3.602019E-1
1.773438E1,3.574357E-2,-3.607992E-1
1.775107E1,3.654903E-2,-3.602982E-1
1.776775E1,3.717241E-2,-3.604840E-1
1.778443E1,3.722836E-2,-3.598342E-1
1.780112E1,3.721202E-2,-3.598598E-1
1.781780E1,3.712540E-2,-3.605143E-1
1.783448E1,3.649461E-2,-3.602702E-1
1.785117E1,3.571568E-2,-3.608575E-1
1.786785E1,3.449633E-2,-3.603683E-1
1.788453E1,3.306933E-2,-3.606425E-1
1.790122E1,3.162952E-2,-3.615680E-1
1.791790E1,2.969697E-2,-3.611369E-1
1.793458E1,2.767030E-2,-3.612003E-1
1.795127E1,2.508932E-2,-3.608003E-1
1.796795E1,2.287765E-2,-3.621333E-1
1.798463E1,2.020581E-2,-3.621334E-1
1.800132E1,1.748025E-2,-3.622181E-1
1.801800E1,1.422657E-2,-3.604377E-1
1.803468E1,1.144514E-2,-3.617453E-1
1.805137E1,8.109874E-3,-3.611106E-1
1.806805E1,5.361608E-3,-3.640419E-1
1.808473E1,1.982837E-3,-3.632032E-1
1.810142E1,-1.407307E-3,-3.621545E-1
1.811810E1,-4.711171E-3,-3.614271E-1
1.813478E1,-7.519353E-3,-3.630892E-1
1.815147E1,-1.084810E-2,-3.620169E-1
1.816815E1,-1.357816E-2,-3.640433E-1
1.818483E1,-1.688586E-2,-3.615220E-1
1.820152E1,-1.959191E-2,-3.616483E-1
1.821820E1,-2.229347E-2,-3.605833E-1
1.823488E1,-2.494076E-2,-3.604933E-1
1.825157E1,-2.704026E-2,-3.603977E-1
1.826825E1,-2.907215E-2,-3.601863E-1
1.828493E1,-3.091904E-2,-3.599120E-1
1.830162E1,-3.245853E-2,-3.599934E-1
1.831830E1,-3.389098E-2,-3.604238E-1
1.833498E1,-3.510485E-2,-3.592868E-1
1.835167E1,-3.585351E-2,-3.595797E-1
1.836835E1,-3.644791E-2,-3.592897E-1
1.838503E1,-3.656978E-2,-3.593086E-1
1.840172E1,-3.650990E-2,-3.592779E-1
1.841840E1,-3.629806E-2,-3.591880E-1
1.843508E1,-3.577466E-2,-3.600267E-1
1.845177E1,-3.460806E-2,-3.604804E-1
1.846845E1,-3.356731E-2,-3.596663E-1
1.848513E1,-3.248028E-2,-3.598863E-1
1.850182E1,-3.054550E-2,-3.608509E-1
1.851850E1,-2.849262E-2,-3.616280E-1
1.853518E1,-2.648722E-2,-3.604960E-1
1.855187E1,-2.435597E-2,-3.600601E-1
1.856855E1,-2.169109E-2,-3.604466E-1
1.858523E1,-1.905213E-2,-3.609625E-1
1.860192E1,-1.627409E-2,-3.608336E-1
1.861860E1,-1.349555E-2,-3.609043E-1
1.863528E1,-1.049627E-2,-3.610158E-1
1.865197E1,-7.520065E-3,-3.610770E-1
1.866865E1,-4.179776E-3,-3.611714E-1
1.868533E1,-1.175613E-3,-3.611490E-1
1.870202E1,1.937714E-3,-3.611164E-1
1.871870E1,5.249740E-3,-3.610804E-1
1.873538E1,8.277500E-3,-3.610256E-1
1.875207E1,1.142513E-2,-3.610015E-1
1.876875E1,1.427400E-2,-3.608739E-1
1.878543E1,1.744625E-2,-3.610667E-1
1.880212E1,2.013632E-2,-3.609875E-1
1.881880E1,2.284487E-2,-3.608674E-1
1.883548E1,2.499499E-2,-3.601005E-1
1.885217E1,2.761547E-2,-3.620301E-1
1.886885E1,2.908811E-2,-3.595117E-1
1.888553E1,3.097702E-2,-3.595385E-1
1.890222E1,3.239574E-2,-3.593335E-1
1.891890E1,3.368629E-2,-3.593955E-1
1.893558E1,3.506995E-2,-3.609455E-1
1.895227E1,3.568496E-2,-3.601869E-1
1.896895E1,3.639243E-2,-3.604230E-1
1.898563E1,3.641988E-2,-3.598876E-1
1.900232E1,3.635015E-2,-3.602150E-1
1.901900E1,3.577295E-2,-3.591415E-1
1.903568E1,3.510284E-2,-3.588769E-1
1.905237E1,3.435849E-2,-3.595308E-1
1.906905E1,3.309786E-2,-3.592622E-1
1.908573E1,3.173796E-2,-3.594598E-1
1.910242E1,3.030864E-2,-3.610328E-1
1.911910E1,2.829983E-2,-3.606677E-1
1.913578E1,2.628428E-2,-3.606337E-1
1.915247E1,2.375246E-2,-3.600941E-1
1.916915E1,2.150052E-2,-3.616262E-1
1.918583E1,1.882347E-2,-3.614215E-1
1.920252E1,1.613824E-2,-3.626597E-1
1.921920E1,1.352947E-2,-3.640847E-1
1.923588E1,1.003634E-2,-3.608620E-1
1.925257E1,7.433648E-3,-3.647008E-1
1.926925E1,4.085057E-3,-3.644845E-1
1.928593E1,1.279415E-3,-3.653928E-1
1.930262E1,-2.053405E-3,-3.651781E-1
1.931930E1,-5.244035E-3,-3.652664E-1
1.933598E1,-8.817075E-3,-3.607491E-1
1.935267E1,-1.155183E-2,-3.632860E-1
1.936935E1,-1.486199E-2,-3.607330E-1
1.938603E1,-1.763041E-2,-3.605631E-1
1.940272E1,-2.029965E-2,-3.605573E-1
1.941940E1,-2.242403E-2,-3.643996E-1
1.943608E1,-2.507055E-2,-3.603971E-1
1.945277E1,-2.704098E-2,-3.640248E-1
1.946945E1,-2.896988E-2,-3.640269E-1
1.948613E1,-3.106813E-2,-3.619222E-1
1.950282E1,-3.242225E-2,-3.616334E-1
1.951950E1,-3.366654E-2,-3.614014E-1
1.953618E1,-3.455500E-2,-3.620914E-1
1.955287E1,-3.522839E-2,-3.624683E-1
1.956955E1,-3.581659E-2,-3.616727E-1
1.958623E1,-3.582339E-2,-3.616219E-1
1.960292E1,-3.581702E-2,-3.615812E-1
1.961960E1,-3.527451E-2,-3.623983E-1
1.963628E1,-3.456050E-2,-3.621685E-1
1.965297E1,-3.380449E-2,-3.594829E-1
1.966965E1,-3.255087E-2,-3.598193E-1
1.968633E1,-3.109330E-2,-3.598397E-1
1.970302E1,-2.913603E-2,-3.629055E-1
1.971970E1,-2.755661E-2,-3.600706E-1
1.973638E1,-2.509663E-2,-3.634543E-1
1.975307E1,-2.301675E-2,-3.605030E-1
1.976975E1,-2.033682E-2,-3.605592E-1
1.978643E1,-1.765553E-2,-3.615892E-1
1.980312E1,-1.490610E-2,-3.615431E-1
1.981980E1,-1.215766E-2,-3.609963E-1
1.983648E1,-8.874488E-3,-3.628934E-1
1.985317E1,-6.059874E-3,-3.612414E-1
1.986985E1,-2.796862E-3,-3.624214E-1
1.988653E1,-6.967490E-7,-3.609857E-1
1.990322E1,3.378492E-3,-3.617890E-1
1.991990E1,6.695418E-3,-3.624257E-1
1.993658E1,9.498144E-3,-3.610929E-1
1.995327E1,1.283543E-2,-3.626221E-1
1.996995E1,1.550049E-2,-3.616844E-1
1.998663E1,1.823397E-2,-3.614363E-1
2.000332E1,2.090454E-2,-3.615228E-1
2.002000E1,2.357367E-2,-3.623254E-1
2.003668E1,2.633251E-2,-3.639037E-1
2.005337E1,2.837060E-2,-3.630104E-1
2.007005E1,2.965588E-2,-3.608605E-1
2.008673E1,3.175097E-2,-3.624966E-1
2.010342E1,3.312447E-2,-3.618687E-1
2.012010E1,3.446043E-2,-3.624584E-1
2.013678E1,3.514216E-2,-3.611369E-1
2.015347E1,3.574690E-2,-3.614079E-1
2.017015E1,3.650302E-2,-3.629455E-1
2.018683E1,3.649421E-2,-3.629836E-1
2.020352E1,3.648888E-2,-3.630594E-1
2.022020E1,3.582154E-2,-3.623897E-1
2.023688E1,3.513630E-2,-3.624986E-1
2.025357E1,3.444439E-2,-3.636366E-1
2.027025E1,3.305863E-2,-3.639618E-1
2.028693E1,3.100064E-2,-3.606895E-1
2.030362E1,2.901518E-2,-3.600546E-1
2.032030E1,2.766747E-2,-3.625044E-1
2.033698E1,2.495969E-2,-3.602067E-1
2.035367E1,2.291786E-2,-3.625168E-1
2.037035E1,2.020678E-2,-3.616195E-1
2.038703E1,1.752383E-2,-3.621239E-1
2.040372E1,1.483240E-2,-3.615154E-1
2.042040E1,1.212155E-2,-3.633038E-1
2.043708E1,9.418163E-3,-3.645908E-1
2.045377E1,6.034899E-3,-3.630263E-1
2.047045E1,2.756638E-3,-3.621609E-1
2.048713E1,-6.817169E-5,-3.635155E-1
2.050382E1,-3.361976E-3,-3.623345E-1
2.052050E1,-6.686949E-3,-3.625678E-1
2.053718E1,-9.500854E-3,-3.627992E-1
2.055387E1,-1.223562E-2,-3.636599E-1
2.057055E1,-1.497242E-2,-3.643376E-1
2.058723E1,-1.812170E-2,-3.625855E-1
2.060392E1,-2.028103E-2,-3.627050E-1
2.062060E1,-2.301074E-2,-3.614252E-1
2.063728E1,-2.509362E-2,-3.634121E-1
2.065397E1,-2.710546E-2,-3.634209E-1
2.067065E1,-2.907462E-2,-3.629153E-1
2.068733E1,-3.051544E-2,-3.635020E-1
2.070402E1,-3.184809E-2,-3.635459E-1
2.072070E1,-3.310930E-2,-3.630686E-1
2.073738E1,-3.388116E-2,-3.631185E-1
2.075407E1,-3.450174E-2,-3.632738E-1
2.077075E1,-3.506274E-2,-3.599078E-1
2.078743E1,-3.507272E-2,-3.627087E-1
2.080412E1,-3.459867E-2,-3.633393E-1
2.082080E1,-3.425874E-2,-3.625174E-1
2.083748E1,-3.342222E-2,-3.625361E-1
2.085417E1,-3.244025E-2,-3.630117E-1
2.087085E1,-3.115807E-2,-3.634056E-1
2.088753E1,-2.969893E-2,-3.633496E-1
2.090422E1,-2.777939E-2,-3.637739E-1
2.092090E1,-2.625859E-2,-3.604851E-1
2.093758E1,-2.371727E-2,-3.640515E-1
2.095427E1,-2.101846E-2,-3.639839E-1
2.097095E1,-1.886440E-2,-3.639243E-1
2.098763E1,-1.615483E-2,-3.639644E-1
2.100432E1,-1.347111E-2,-3.640649E-1
2.102100E1,-1.078717E-2,-3.613752E-1
2.103768E1,-7.531433E-3,-3.645494E-1
2.105437E1,-4.723556E-3,-3.622182E-1
2.107105E1,-1.377662E-3,-3.634905E-1
2.108773E1,1.438977E-3,-3.618498E-1
2.110442E1,4.687207E-3,-3.633171E-1
2.112110E1,8.083469E-3,-3.646264E-1
2.113778E1,1.078169E-2,-3.622324E-1
2.115447E1,1.417286E-2,-3.651295E-1
2.117115E1,1.687432E-2,-3.640101E-1
2.118783E1,1.957757E-2,-3.641717E-1
2.120452E1,2.155350E-2,-3.616403E-1
2.122120E1,2.426407E-2,-3.623160E-1
2.123788E1,2.631551E-2,-3.615106E-1
2.125457E1,2.835742E-2,-3.614061E-1
2.127125E1,3.031484E-2,-3.616038E-1
2.128793E1,3.177703E-2,-3.611543E-1
2.130462E1,3.310826E-2,-3.611583E-1
2.132130E1,3.436552E-2,-3.621052E-1
2.133798E1,3.506063E-2,-3.621072E-1
2.135467E1,3.576702E-2,-3.617490E-1
2.137135E1,3.578984E-2,-3.613695E-1
2.138803E1,3.580569E-2,-3.612339E-1
2.140472E1,3.576617E-2,-3.616956E-1
2.142140E1,3.509624E-2,-3.617034E-1
2.143808E1,3.440177E-2,-3.621852E-1
2.145477E1,3.309550E-2,-3.614677E-1
2.147145E1,3.173875E-2,-3.613365E-1
2.148813E1,3.038185E-2,-3.623942E-1
2.150482E1,2.833120E-2,-3.615680E-1
2.152150E1,2.632360E-2,-3.614184E-1
2.153818E1,2.425573E-2,-3.622923E-1
2.155487E1,2.169054E-2,-3.611469E-1
2.157155E1,1.894803E-2,-3.609119E-1
2.158823E1,1.630146E-2,-3.607804E-1
2.160492E1,1.349832E-2,-3.609063E-1
2.162160E1,1.073250E-2,-3.615395E-1
2.163828E1,7.557419E-3,-3.607223E-1
2.165497E1,4.711004E-3,-3.631793E-1
2.167165E1,1.358376E-3,-3.610108E-1
2.168833E1,-1.384849E-3,-3.631699E-1
2.170502E1,-4.728854E-3,-3.609946E-1
2.172170E1,-7.964851E-3,-3.610866E-1
2.173838E1,-1.083825E-2,-3.609860E-1
2.175507E1,-1.355609E-2,-3.609643E-1
2.177175E1,-1.624549E-2,-3.628948E-1
2.178843E1,-1.892315E-2,-3.627262E-1
2.180512E1,-2.106883E-2,-3.631095E-1
2.182180E1,-2.374238E-2,-3.628723E-1
2.183848E1,-2.575812E-2,-3.628825E-1
2.185517E1,-2.772466E-2,-3.618217E-1
2.187185E1,-2.956012E-2,-3.598973E-1
2.188853E1,-3.095329E-2,-3.596555E-1
2.190522E1,-3.234766E-2,-3.596551E-1
2.192190E1,-3.324043E-2,-3.598813E-1
2.193858E1,-3.389230E-2,-3.597808E-1
2.195527E1,-3.445884E-2,-3.595398E-1
2.197195E1,-3.455522E-2,-3.597453E-1
2.198863E1,-3.454141E-2,-3.597460E-1
2.200532E1,-3.427246E-2,-3.594348E-1
2.202200E1,-3.368009E-2,-3.597635E-1
2.203868E1,-3.277909E-2,-3.597818E-1
2.205537E1,-3.182824E-2,-3.598950E-1
2.207205E1,-3.047793E-2,-3.599611E-1
2.208873E1,-2.902799E-2,-3.599483E-1
2.210542E1,-2.709482E-2,-3.602626E-1
2.212210E1,-2.505592E-2,-3.604644E-1
2.213878E1,-2.296515E-2,-3.605202E-1
2.215547E1,-2.029122E-2,-3.605832E-1
2.217215E1,-1.765800E-2,-3.617087E-1
2.218883E1,-1.496436E-2,-3.616965E-1
2.220552E1,-1.222217E-2,-3.617013E-1
2.222220E1,-9.478174E-3,-3.611629E-1
2.223888E1,-6.130348E-3,-3.630348E-1
2.225557E1,-3.390542E-3,-3.616131E-1
2.227225E1,-5.560353E-5,-3.629571E-1
2.228893E1,2.657424E-3,-3.623820E-1
2.230562E1,6.061894E-3,-3.635235E-1
2.232230E1,8.813371E-3,-3.626101E-1
2.233898E1,1.155259E-2,-3.619677E-1
2.235567E1,1.483804E-2,-3.633674E-1
2.237235E1,1.754367E-2,-3.634120E-1
2.238903E1,2.017552E-2,-3.636356E-1
2.240572E1,2.236124E-2,-3.618403E-1
2.242240E1,2.493628E-2,-3.633887E-1
2.243908E1,2.698188E-2,-3.627979E-1
2.245577E1,2.900053E-2,-3.627794E-1
2.247245E1,3.036286E-2,-3.615636E-1
2.248913E1,3.176855E-2,-3.611728E-1
2.250582E1,3.306899E-2,-3.619417E-1
2.252250E1,3.375251E-2,-3.608171E-1
2.253918E1,3.444097E-2,-3.606297E-1
2.255587E1,3.505499E-2,-3.614050E-1
2.257255E1,3.511889E-2,-3.612159E-1
2.258923E1,3.508154E-2,-3.612862E-1
2.260592E1,3.446187E-2,-3.608078E-1
2.262260E1,3.377622E-2,-3.606932E-1
2.263928E1,3.299964E-2,-3.615838E-1
2.265597E1,3.176586E-2,-3.606550E-1
2.267265E1,3.040169E-2,-3.611196E-1
2.268933E1,2.900530E-2,-3.628905E-1
2.270602E1,2.701313E-2,-3.620139E-1
2.272270E1,2.496830E-2,-3.621181E-1
2.273938E1,2.230433E-2,-3.603030E-1
2.275607E1,2.020351E-2,-3.622294E-1
2.277275E1,1.758599E-2,-3.624007E-1
2.278943E1,1.487999E-2,-3.620573E-1
2.280612E1,1.211699E-2,-3.628604E-1
2.282280E1,9.411658E-3,-3.636571E-1
2.283948E1,6.094641E-3,-3.620973E-1
2.285617E1,3.366491E-3,-3.627369E-1
2.287285E1,5.286580E-5,-3.613966E-1
2.288953E1,-2.723013E-3,-3.623521E-1
2.290622E1,-6.034316E-3,-3.615374E-1
2.292290E1,-8.799127E-3,-3.623336E-1
2.293958E1,-1.155353E-2,-3.628533E-1
2.295627E1,-1.464497E-2,-3.606430E-1
2.297295E1,-1.745459E-2,-3.605442E-1
2.298963E1,-1.969797E-2,-3.612024E-1
2.300632E1,-2.228470E-2,-3.605694E-1
2.302300E1,-2.441667E-2,-3.605309E-1
2.303968E1,-2.637880E-2,-3.600915E-1
2.305637E1,-2.826267E-2,-3.599317E-1
2.307305E1,-2.976769E-2,-3.598946E-1
2.308973E1,-3.111031E-2,-3.597626E-1
2.310642E1,-3.234238E-2,-3.594731E-1
2.312310E1,-3.306444E-2,-3.595670E-1
2.313978E1,-3.364066E-2,-3.593819E-1
2.315647E1,-3.388685E-2,-3.600520E-1
2.317315E1,-3.387163E-2,-3.600968E-1
2.318983E1,-3.385926E-2,-3.601352E-1
2.320652E1,-3.323958E-2,-3.598915E-1
2.322320E1,-3.253957E-2,-3.606888E-1
2.323988E1,-3.175469E-2,-3.601214E-1
2.325657E1,-3.045650E-2,-3.602905E-1
2.327325E1,-2.906662E-2,-3.600362E-1
2.328993E1,-2.714431E-2,-3.619336E-1
2.330662E1,-2.560095E-2,-3.601007E-1
2.332330E1,-2.361228E-2,-3.607731E-1
2.333998E1,-2.097033E-2,-3.610187E-1
2.335667E1,-1.890654E-2,-3.604958E-1
2.337335E1,-1.629103E-2,-3.611939E-1
2.339003E1,-1.348960E-2,-3.607564E-1
2.340672E1,-1.082692E-2,-3.605069E-1
2.342340E1,-8.033269E-3,-3.610517E-1
2.344008E1,-4.756120E-3,-3.623552E-1
2.345677E1,-2.039274E-3,-3.609341E-1
2.347345E1,1.296514E-3,-3.630593E-1
2.349013E1,4.028703E-3,-3.621400E-1
2.350682E1,7.380956E-3,-3.629467E-1
2.352350E1,1.007830E-2,-3.616696E-1
2.354018E1,1.279243E-2,-3.615634E-1
2.355687E1,1.553631E-2,-3.612966E-1
2.357355E1,1.822799E-2,-3.613704E-1
2.359023E1,2.091872E-2,-3.620073E-1
2.360692E1,2.360353E-2,-3.628220E-1
2.362360E1,2.564920E-2,-3.627429E-1
2.364028E1,2.769869E-2,-3.625349E-1
2.365697E1,2.902677E-2,-3.615382E-1
2.367365E1,3.107237E-2,-3.629770E-1
2.369033E1,3.241609E-2,-3.631700E-1
2.370702E1,3.314507E-2,-3.617935E-1
2.372370E1,3.441837E-2,-3.637427E-1
2.374038E1,3.452143E-2,-3.616113E-1
2.375707E1,3.507601E-2,-3.635374E-1
2.377375E1,3.508973E-2,-3.634410E-1
2.379043E1,3.448125E-2,-3.620714E-1
2.380712E1,3.439196E-2,-3.638787E-1
2.382380E1,3.371360E-2,-3.641615E-1
2.384048E1,3.249678E-2,-3.630151E-1
2.385717E1,3.114000E-2,-3.629837E-1
2.387385E1,2.901583E-2,-3.604187E-1
2.389053E1,2.774318E-2,-3.623373E-1
2.390722E1,2.575251E-2,-3.623663E-1
2.392390E1,2.359816E-2,-3.628081E-1
2.394058E1,2.156951E-2,-3.634227E-1
2.395727E1,1.894905E-2,-3.631633E-1
2.397395E1,1.626212E-2,-3.630198E-1
2.399063E1,1.351951E-2,-3.633173E-1
2.400732E1,1.082133E-2,-3.633453E-1
2.402400E1,8.060157E-3,-3.639767E-1
2.404068E1,4.785702E-3,-3.633232E-1
2.405737E1,1.986244E-3,-3.640214E-1
2.407405E1,-1.206652E-3,-3.633349E-1
2.409073E1,-4.074801E-3,-3.636796E-1
2.410742E1,-6.814243E-3,-3.650199E-1
2.412410E1,-1.002711E-2,-3.626272E-1
2.414078E1,-1.281481E-2,-3.629298E-1
2.415747E1,-1.552044E-2,-3.629203E-1
2.417415E1,-1.823657E-2,-3.613056E-1
2.419083E1,-2.026357E-2,-3.627762E-1
2.420752E1,-2.284168E-2,-3.630560E-1
2.422420E1,-2.504223E-2,-3.604839E-1
2.424088E1,-2.695455E-2,-3.604882E-1
2.425757E1,-2.842235E-2,-3.622962E-1
2.427425E1,-2.983871E-2,-3.622343E-1
2.429093E1,-3.110728E-2,-3.616069E-1
2.430762E1,-3.231805E-2,-3.601261E-1
2.432430E1,-3.306820E-2,-3.598717E-1
2.434098E1,-3.319477E-2,-3.627478E-1
2.435767E1,-3.375807E-2,-3.597199E-1
2.437435E1,-3.378183E-2,-3.598300E-1
2.439103E1,-3.326402E-2,-3.603631E-1
2.440772E1,-3.293994E-2,-3.599177E-1
2.442440E1,-3.185534E-2,-3.615462E-1
2.444108E1,-3.107891E-2,-3.601489E-1
2.445777E1,-2.972421E-2,-3.602055E-1
2.447445E1,-2.822697E-2,-3.604070E-1
2.449113E1,-2.644145E-2,-3.604516E-1
2.450782E1,-2.447159E-2,-3.605083E-1
2.452450E1,-2.234746E-2,-3.605037E-1
2.454118E1,-1.975109E-2,-3.608734E-1
2.455787E1,-1.754192E-2,-3.607314E-1
2.457455E1,-1.486731E-2,-3.609623E-1
2.459123E1,-1.220787E-2,-3.610977E-1
2.460792E1,-9.506069E-3,-3.610536E-1
2.462460E1,-6.144269E-3,-3.648132E-1
2.464128E1,-3.388449E-3,-3.640411E-1
2.465797E1,-7.027881E-4,-3.619920E-1
2.467465E1,2.674090E-3,-3.646184E-1
2.469133E1,5.353145E-3,-3.629626E-1
2.470802E1,8.042480E-3,-3.614429E-1
2.472470E1,1.077728E-2,-3.610270E-1
2.474138E1,1.347367E-2,-3.609646E-1
2.475807E1,1.614095E-2,-3.609653E-1
2.477475E1,1.885651E-2,-3.613239E-1
2.479143E1,2.158367E-2,-3.617669E-1
2.480812E1,2.360700E-2,-3.617438E-1
2.482480E1,2.558562E-2,-3.615369E-1
2.484148E1,2.761633E-2,-3.620078E-1
2.485817E1,2.897340E-2,-3.607026E-1
2.487485E1,3.035633E-2,-3.604360E-1
2.489153E1,3.170860E-2,-3.609808E-1
2.490822E1,3.238611E-2,-3.604276E-1
2.492490E1,3.307171E-2,-3.603348E-1
2.494158E1,3.366480E-2,-3.608567E-1
2.495827E1,3.368632E-2,-3.602026E-1
2.497495E1,3.369528E-2,-3.601655E-1
2.499163E1,3.369248E-2,-3.613931E-1
2.500832E1,3.301812E-2,-3.615152E-1
2.502500E1,3.233172E-2,-3.622487E-1
2.504168E1,3.102163E-2,-3.614507E-1
2.505837E1,2.966200E-2,-3.615941E-1
2.507505E1,2.835282E-2,-3.625978E-1
2.509173E1,2.632028E-2,-3.620978E-1
2.510842E1,2.434018E-2,-3.612495E-1
2.512510E1,2.226535E-2,-3.619798E-1
2.514178E1,2.024019E-2,-3.639629E-1
2.515847E1,1.753685E-2,-3.628436E-1
2.517515E1,1.483559E-2,-3.622453E-1
2.519183E1,1.218365E-2,-3.624233E-1
2.520852E1,9.476788E-3,-3.624824E-1
2.522520E1,6.710387E-3,-3.644528E-1
2.524188E1,4.056911E-3,-3.651912E-1
2.525857E1,7.056548E-4,-3.626311E-1
2.527525E1,-2.082139E-3,-3.643046E-1
2.529193E1,-5.367053E-3,-3.614214E-1
2.530862E1,-8.128072E-3,-3.622461E-1
2.532530E1,-1.085665E-2,-3.617221E-1
2.534198E1,-1.352150E-2,-3.619214E-1
2.535867E1,-1.618457E-2,-3.605752E-1
2.537535E1,-1.885515E-2,-3.603309E-1
2.539203E1,-2.100657E-2,-3.605121E-1
2.540872E1,-2.301130E-2,-3.640290E-1
2.542540E1,-2.510215E-2,-3.622695E-1
2.544208E1,-2.701284E-2,-3.599271E-1
2.545877E1,-2.848198E-2,-3.603973E-1
2.547545E1,-2.981526E-2,-3.602946E-1
2.549213E1,-3.106275E-2,-3.597369E-1
2.550882E1,-3.185393E-2,-3.598504E-1
2.552550E1,-3.250996E-2,-3.598193E-1
2.554218E1,-3.289748E-2,-3.597240E-1
2.555887E1,-3.313703E-2,-3.597161E-1
2.557555E1,-3.301488E-2,-3.594276E-1
2.559223E1,-3.255336E-2,-3.596654E-1
2.560892E1,-3.182156E-2,-3.598464E-1
2.562560E1,-3.103513E-2,-3.598439E-1
2.564228E1,-2.982735E-2,-3.598543E-1
2.565897E1,-2.847076E-2,-3.599227E-1
2.567565E1,-2.702177E-2,-3.598908E-1
2.569233E1,-2.508199E-2,-3.601187E-1
2.570902E1,-2.309145E-2,-3.605392E-1
2.572570E1,-2.082425E-2,-3.603863E-1
2.574238E1,-1.870133E-2,-3.605235E-1
2.575907E1,-1.629731E-2,-3.608899E-1
2.577575E1,-1.359747E-2,-3.613819E-1
2.579243E1,-1.088123E-2,-3.613503E-1
2.580912E1,-8.164193E-3,-3.611876E-1
2.582580E1,-5.423580E-3,-3.611435E-1
2.584248E1,-2.121001E-3,-3.631100E-1
2.585917E1,6.422417E-4,-3.620115E-1
2.587585E1,4.025077E-3,-3.651774E-1
2.589253E1,6.832714E-3,-3.647510E-1
2.590922E1,9.380250E-3,-3.623058E-1
2.592590E1,1.217894E-2,-3.619756E-1
2.594258E1,1.482449E-2,-3.620897E-1
2.595927E1,1.757240E-2,-3.641319E-1
2.597595E1,1.963304E-2,-3.612751E-1
2.599263E1,2.230902E-2,-3.638397E-1
2.600932E1,2.433783E-2,-3.638297E-1
2.602600E1,2.637455E-2,-3.634995E-1
2.604268E1,2.766995E-2,-3.606950E-1
2.605937E1,2.966684E-2,-3.634047E-1
2.607605E1,3.040463E-2,-3.604451E-1
2.609273E1,3.181616E-2,-3.630797E-1
2.610942E1,3.236102E-2,-3.608525E-1
2.612610E1,3.302891E-2,-3.608509E-1
2.614278E1,3.310360E-2,-3.600253E-1
2.615947E1,3.309762E-2,-3.599690E-1
2.617615E1,3.311999E-2,-3.603821E-1
2.619283E1,3.244842E-2,-3.598693E-1
2.620952E1,3.180472E-2,-3.596857E-1
2.622620E1,3.099583E-2,-3.607445E-1
2.624288E1,2.967452E-2,-3.601958E-1
2.625957E1,2.831278E-2,-3.601357E-1
2.627625E1,2.694675E-2,-3.612901E-1
2.629293E1,2.498609E-2,-3.611996E-1
2.630962E1,2.363059E-2,-3.636362E-1
2.632630E1,2.091520E-2,-3.619969E-1
2.634298E1,1.828187E-2,-3.608072E-1
2.635967E1,1.615478E-2,-3.628664E-1
2.637635E1,1.356650E-2,-3.624570E-1
2.639303E1,1.085168E-2,-3.626809E-1
2.640972E1,8.156483E-3,-3.625883E-1
2.642640E1,5.353139E-3,-3.629657E-1
2.644308E1,2.622995E-3,-3.635261E-1
2.645977E1,-4.697382E-6,-3.653017E-1
2.647645E1,-3.342113E-3,-3.626614E-1
2.649313E1,-6.111239E-3,-3.633759E-1
2.650982E1,-8.821556E-3,-3.638445E-1
2.652650E1,-1.152047E-2,-3.637299E-1
2.654318E1,-1.415126E-2,-3.635616E-1
2.655987E1,-1.683082E-2,-3.632496E-1
2.657655E1,-1.901857E-2,-3.638024E-1
2.659323E1,-2.103557E-2,-3.630790E-1
2.660992E1,-2.349044E-2,-3.628586E-1
2.662660E1,-2.510905E-2,-3.629779E-1
2.664328E1,-2.697250E-2,-3.623737E-1
2.665997E1,-2.845415E-2,-3.623564E-1
2.667665E1,-2.966877E-2,-3.621581E-1
2.669333E1,-3.055824E-2,-3.622954E-1
2.671002E1,-3.146310E-2,-3.621512E-1
2.672670E1,-3.190840E-2,-3.622312E-1
2.674338E1,-3.238567E-2,-3.592783E-1
2.676007E1,-3.242551E-2,-3.592961E-1
2.677675E1,-3.213167E-2,-3.594444E-1
2.679343E1,-3.180478E-2,-3.593357E-1
2.681012E1,-3.113573E-2,-3.596402E-1
2.682680E1,-3.033233E-2,-3.596710E-1
2.684348E1,-2.905247E-2,-3.596854E-1
2.686017E1,-2.767002E-2,-3.598890E-1
2.687685E1,-2.580874E-2,-3.599720E-1
2.689353E1,-2.422573E-2,-3.600309E-1
2.691022E1,-2.216062E-2,-3.602969E-1
2.692690E1,-1.975236E-2,-3.605028E-1
2.694358E1,-1.761267E-2,-3.607568E-1
2.696027E1,-1.496366E-2,-3.607830E-1
2.697695E1,-1.217645E-2,-3.639451E-1
2.699363E1,-9.478237E-3,-3.642385E-1
2.701032E1,-6.762023E-3,-3.640060E-1
2.702700E1,-3.934640E-3,-3.642676E-1
2.704368E1,-1.379073E-3,-3.613499E-1
2.706037E1,1.397654E-3,-3.611505E-1
2.707705E1,4.123118E-3,-3.611275E-1
2.709373E1,6.792411E-3,-3.609507E-1
2.711042E1,9.498879E-3,-3.609045E-1
2.712710E1,1.277263E-2,-3.632190E-1
2.714378E1,1.549543E-2,-3.640980E-1
2.716047E1,1.817444E-2,-3.648531E-1
2.717715E1,2.027558E-2,-3.635333E-1
2.719383E1,2.239516E-2,-3.630601E-1
2.721052E1,2.492900E-2,-3.644105E-1
2.722720E1,2.635984E-2,-3.634164E-1
2.724388E1,2.827786E-2,-3.643047E-1
2.726057E1,2.966122E-2,-3.640585E-1
2.727725E1,3.099795E-2,-3.643515E-1
2.729393E1,3.174617E-2,-3.638914E-1
2.731062E1,3.244604E-2,-3.637575E-1
2.732730E1,3.303460E-2,-3.638815E-1
2.734398E1,3.313394E-2,-3.636770E-1
2.736067E1,3.312760E-2,-3.637275E-1
2.737735E1,3.307883E-2,-3.643126E-1
2.739403E1,3.243388E-2,-3.640146E-1
2.741072E1,3.172106E-2,-3.642441E-1
2.742740E1,3.099404E-2,-3.644111E-1
2.744408E1,2.963858E-2,-3.644857E-1
2.746077E1,2.831654E-2,-3.645347E-1
2.747745E1,2.632404E-2,-3.628955E-1
2.749413E1,2.428014E-2,-3.629584E-1
2.751082E1,2.228320E-2,-3.627790E-1
2.752750E1,2.030734E-2,-3.644567E-1
2.754418E1,1.817532E-2,-3.651105E-1
2.756087E1,1.555064E-2,-3.648790E-1
2.757755E1,1.286177E-2,-3.642268E-1
2.759423E1,1.010835E-2,-3.644381E-1
2.761092E1,7.412791E-3,-3.642882E-1
2.762760E1,4.676791E-3,-3.647203E-1
2.764428E1,1.969931E-3,-3.648367E-1
2.766097E1,-1.400291E-3,-3.615575E-1
2.767765E1,-4.183496E-3,-3.616927E-1
2.769433E1,-6.760651E-3,-3.643828E-1
2.771102E1,-9.478484E-3,-3.644667E-1
2.772770E1,-1.211783E-2,-3.640604E-1
2.774438E1,-1.493690E-2,-3.612406E-1
2.776107E1,-1.747197E-2,-3.609947E-1
2.777775E1,-1.964600E-2,-3.609804E-1
2.779443E1,-2.164240E-2,-3.608759E-1
2.781112E1,-2.372610E-2,-3.607341E-1
2.782780E1,-2.549240E-2,-3.604516E-1
2.784448E1,-2.706815E-2,-3.605059E-1
2.786117E1,-2.841200E-2,-3.603163E-1
2.787785E1,-2.974437E-2,-3.601448E-1
2.789453E1,-3.051438E-2,-3.602180E-1
2.791122E1,-3.117704E-2,-3.600869E-1
2.792790E1,-3.171928E-2,-3.601406E-1
2.794458E1,-3.175874E-2,-3.599917E-1
2.796127E1,-3.176743E-2,-3.600630E-1
2.797795E1,-3.135112E-2,-3.600040E-1
2.799463E1,-3.100464E-2,-3.602284E-1
2.801132E1,-3.033987E-2,-3.602399E-1
2.802800E1,-2.920180E-2,-3.606293E-1
2.804468E1,-2.783580E-2,-3.605479E-1
2.806137E1,-2.639516E-2,-3.602884E-1
2.807805E1,-2.482690E-2,-3.603766E-1
2.809473E1,-2.301545E-2,-3.606014E-1
2.811142E1,-2.067573E-2,-3.607481E-1
2.812810E1,-1.881622E-2,-3.609675E-1
2.814478E1,-1.634274E-2,-3.611288E-1
2.816147E1,-1.393925E-2,-3.610342E-1
2.817815E1,-1.149800E-2,-3.611995E-1
2.819483E1,-8.847685E-3,-3.611706E-1
2.821152E1,-6.138440E-3,-3.611134E-1
2.822820E1,-3.353107E-3,-3.610571E-1
2.824488E1,-6.348426E-4,-3.609873E-1
2.826157E1,2.121826E-3,-3.609986E-1
2.827825E1,4.778543E-3,-3.609597E-1
2.829493E1,7.540797E-3,-3.609574E-1
2.831162E1,1.021615E-2,-3.609128E-1
2.832830E1,1.280323E-2,-3.608462E-1
2.834498E1,1.542342E-2,-3.608526E-1
2.836167E1,1.792586E-2,-3.606108E-1
2.837835E1,2.020243E-2,-3.625088E-1
2.839503E1,2.224132E-2,-3.618230E-1
2.841172E1,2.485752E-2,-3.641967E-1
2.842840E1,2.626754E-2,-3.626544E-1
2.844508E1,2.763407E-2,-3.619311E-1
2.846177E1,2.893742E-2,-3.623050E-1
2.847845E1,3.030426E-2,-3.632322E-1
2.849513E1,3.102039E-2,-3.621122E-1
2.851182E1,3.169378E-2,-3.624017E-1
2.852850E1,3.230398E-2,-3.635546E-1
2.854518E1,3.237466E-2,-3.630253E-1
2.856187E1,3.236163E-2,-3.632361E-1
2.857855E1,3.173209E-2,-3.624757E-1
2.859523E1,3.103943E-2,-3.618183E-1
2.861192E1,3.035863E-2,-3.624402E-1
2.862860E1,2.964081E-2,-3.639072E-1
2.864528E1,2.829158E-2,-3.640420E-1
2.866197E1,2.695788E-2,-3.642239E-1
2.867865E1,2.503951E-2,-3.635633E-1
2.869533E1,2.297989E-2,-3.632010E-1
2.871202E1,2.090798E-2,-3.639917E-1
2.872870E1,1.885412E-2,-3.645099E-1
2.874538E1,1.675499E-2,-3.650960E-1
2.876207E1,1.412935E-2,-3.647395E-1
2.877875E1,1.147766E-2,-3.646632E-1
2.879543E1,8.753836E-3,-3.647553E-1
2.881212E1,6.053260E-3,-3.647999E-1
2.882880E1,3.311209E-3,-3.651088E-1
2.884548E1,5.556801E-4,-3.649968E-1
2.886217E1,-2.121211E-3,-3.649813E-1
2.887885E1,-5.468368E-3,-3.611377E-1
2.889553E1,-8.131818E-3,-3.610634E-1
2.891222E1,-1.086858E-2,-3.609140E-1
2.892890E1,-1.342392E-2,-3.607595E-1
2.894558E1,-1.561532E-2,-3.619065E-1
2.896227E1,-1.805747E-2,-3.605111E-1
2.897895E1,-2.014801E-2,-3.604023E-1
2.899563E1,-2.233025E-2,-3.638226E-1
2.901232E1,-2.425240E-2,-3.626878E-1
2.902900E1,-2.578334E-2,-3.618205E-1
2.904568E1,-2.711547E-2,-3.616723E-1
2.906237E1,-2.845573E-2,-3.615738E-1
2.907905E1,-2.969743E-2,-3.599201E-1
2.909573E1,-3.044783E-2,-3.599043E-1
2.911242E1,-3.107062E-2,-3.598445E-1
2.912910E1,-3.123855E-2,-3.599546E-1
2.914578E1,-3.120887E-2,-3.599407E-1
2.916247E1,-3.115837E-2,-3.598272E-1
2.917915E1,-3.056896E-2,-3.597746E-1
2.919583E1,-3.013687E-2,-3.598222E-1
2.921252E1,-2.920206E-2,-3.598630E-1
2.922920E1,-2.779729E-2,-3.621404E-1
2.924588E1,-2.645628E-2,-3.624634E-1
2.926257E1,-2.509193E-2,-3.606033E-1
2.927925E1,-2.366375E-2,-3.604033E-1
2.929593E1,-2.156629E-2,-3.604814E-1
2.931262E1,-1.959478E-2,-3.605080E-1
2.932930E1,-1.697374E-2,-3.649277E-1
2.934598E1,-1.494389E-2,-3.604829E-1
2.936267E1,-1.217780E-2,-3.643037E-1
2.937935E1,-9.491776E-3,-3.648569E-1
2.939603E1,-6.769636E-3,-3.649476E-1
2.941272E1,-4.030832E-3,-3.648603E-1
2.942940E1,-1.337189E-3,-3.648794E-1
2.944608E1,1.360992E-3,-3.640833E-1
2.946277E1,4.050124E-3,-3.631580E-1
2.947945E1,6.675824E-3,-3.631009E-1
2.949613E1,9.386078E-3,-3.628905E-1
2.951282E1,1.214718E-2,-3.632318E-1
2.952950E1,1.490513E-2,-3.644325E-1
2.954618E1,1.682626E-2,-3.623670E-1
2.956287E1,1.957590E-2,-3.641301E-1
2.957955E1,2.161270E-2,-3.633039E-1
2.959623E1,2.364621E-2,-3.638567E-1
2.961292E1,2.502425E-2,-3.610392E-1
2.962960E1,2.703470E-2,-3.626366E-1
2.964628E1,2.838388E-2,-3.626938E-1
2.966297E1,2.969455E-2,-3.634937E-1
2.967965E1,3.041995E-2,-3.616269E-1
2.969633E1,3.109689E-2,-3.617209E-1
2.971302E1,3.176831E-2,-3.624060E-1
2.972970E1,3.172758E-2,-3.613686E-1
2.974638E1,3.173131E-2,-3.613043E-1
2.976307E1,3.173531E-2,-3.620806E-1
2.977975E1,3.106905E-2,-3.613018E-1
2.979643E1,3.036530E-2,-3.613752E-1
2.981312E1,2.965492E-2,-3.622930E-1
2.982980E1,2.833228E-2,-3.615486E-1
2.984648E1,2.697138E-2,-3.615901E-1
2.986317E1,2.561678E-2,-3.622653E-1
2.987985E1,2.366381E-2,-3.616880E-1
2.989653E1,2.164703E-2,-3.612804E-1
2.991322E1,1.957430E-2,-3.621217E-1
2.992990E1,1.696467E-2,-3.608094E-1
2.994658E1,1.483983E-2,-3.619535E-1
2.996327E1,1.215488E-2,-3.610296E-1
2.997995E1,9.579551E-3,-3.608274E-1
2.999663E1,6.870862E-3,-3.608660E-1
3.001332E1,4.094348E-3,-3.610517E-1
3.003000E1,1.390907E-3,-3.610935E-1
3.004668E1,-1.360252E-3,-3.611332E-1
3.006337E1,-4.040086E-3,-3.611384E-1
3.008005E1,-6.765461E-3,-3.618870E-1
3.009673E1,-9.500478E-3,-3.611871E-1
3.011342E1,-1.185167E-2,-3.610006E-1
3.013010E1,-1.425783E-2,-3.619898E-1
3.014678E1,-1.686341E-2,-3.609022E-1
3.016347E1,-1.895143E-2,-3.613113E-1
3.018015E1,-2.091275E-2,-3.607871E-1
3.019683E1,-2.298596E-2,-3.605596E-1
3.021352E1,-2.466992E-2,-3.603919E-1
3.023020E1,-2.626964E-2,-3.603113E-1
3.024688E1,-2.770202E-2,-3.599321E-1
3.026357E1,-2.890591E-2,-3.599095E-1
3.028025E1,-2.975201E-2,-3.598261E-1
3.029693E1,-3.043005E-2,-3.598181E-1
3.031362E1,-3.058646E-2,-3.598942E-1
3.033030E1,-3.099942E-2,-3.598105E-1
3.034698E1,-3.088250E-2,-3.598087E-1
3.036367E1,-3.059145E-2,-3.598922E-1
3.038035E1,-3.019938E-2,-3.598152E-1
3.039703E1,-2.943531E-2,-3.598569E-1
3.041372E1,-2.846293E-2,-3.598882E-1
3.043040E1,-2.716478E-2,-3.602089E-1
3.044708E1,-2.576894E-2,-3.603769E-1
3.046377E1,-2.421816E-2,-3.603151E-1
3.048045E1,-2.238089E-2,-3.605723E-1
3.049713E1,-2.031020E-2,-3.604310E-1
3.051382E1,-1.832740E-2,-3.609888E-1
3.053050E1,-1.593257E-2,-3.639711E-1
3.054718E1,-1.346357E-2,-3.640683E-1
3.056387E1,-1.093587E-2,-3.647807E-1
3.058055E1,-8.734529E-3,-3.611163E-1
3.059723E1,-6.038892E-3,-3.610970E-1
3.061392E1,-3.358703E-3,-3.610768E-1
3.063060E1,-6.665465E-4,-3.611070E-1
3.064728E1,2.010116E-3,-3.610760E-1
3.066397E1,4.702206E-3,-3.610439E-1
3.068065E1,7.368528E-3,-3.610505E-1
3.069733E1,1.010346E-2,-3.610797E-1
3.071402E1,1.272014E-2,-3.615514E-1
3.073070E1,1.541763E-2,-3.621341E-1
3.074738E1,1.751966E-2,-3.618097E-1
3.076407E1,1.956574E-2,-3.613946E-1
3.078075E1,2.163673E-2,-3.611567E-1
3.079743E1,2.365790E-2,-3.612186E-1
3.081412E1,2.560049E-2,-3.635777E-1
3.083080E1,2.709976E-2,-3.630057E-1
3.084748E1,2.832048E-2,-3.633001E-1
3.086417E1,2.960809E-2,-3.636181E-1
3.088085E1,3.042513E-2,-3.630346E-1
3.089753E1,3.107930E-2,-3.631356E-1
3.091422E1,3.125647E-2,-3.626644E-1
3.093090E1,3.120081E-2,-3.626878E-1
3.094758E1,3.110223E-2,-3.627610E-1
3.096427E1,3.094769E-2,-3.635252E-1
3.098095E1,3.038097E-2,-3.631669E-1
3.099763E1,2.969364E-2,-3.632503E-1
3.101432E1,2.850035E-2,-3.630658E-1
3.103100E1,2.764420E-2,-3.644365E-1
3.104768E1,2.572771E-2,-3.633919E-1
3.106437E1,2.431520E-2,-3.638626E-1
3.108105E1,2.229205E-2,-3.638077E-1
3.109773E1,2.026682E-2,-3.638617E-1
3.111442E1,1.818647E-2,-3.641911E-1
3.113110E1,1.614491E-2,-3.647609E-1
3.114778E1,1.355599E-2,-3.642371E-1
3.116447E1,1.075856E-2,-3.621460E-1
3.118115E1,8.041310E-3,-3.616266E-1
3.119783E1,5.355924E-3,-3.614500E-1
3.121452E1,2.645882E-3,-3.616383E-1
3.123120E1,-2.672472E-5,-3.610768E-1
3.124788E1,-2.724794E-3,-3.610482E-1
3.126457E1,-5.480546E-3,-3.611535E-1
3.128125E1,-8.054050E-3,-3.621831E-1
3.129793E1,-1.022450E-2,-3.643155E-1
3.131462E1,-1.283926E-2,-3.633772E-1
3.133130E1,-1.497948E-2,-3.643020E-1
3.134798E1,-1.751772E-2,-3.618345E-1
3.136467E1,-1.956762E-2,-3.615111E-1
3.138135E1,-2.153608E-2,-3.606483E-1
3.139803E1,-2.359547E-2,-3.605108E-1
3.141472E1,-2.511761E-2,-3.605998E-1
3.143140E1,-2.647596E-2,-3.605408E-1
3.144808E1,-2.771063E-2,-3.602115E-1
3.146477E1,-2.850742E-2,-3.603411E-1
3.148145E1,-2.921747E-2,-3.602676E-1
3.149813E1,-2.979693E-2,-3.600803E-1
3.151482E1,-3.014147E-2,-3.599723E-1
3.153150E1,-3.036390E-2,-3.599530E-1
3.154818E1,-3.031188E-2,-3.599395E-1
3.156487E1,-2.980482E-2,-3.599743E-1
3.158155E1,-2.914499E-2,-3.601353E-1
3.159823E1,-2.829808E-2,-3.599214E-1
3.161492E1,-2.714226E-2,-3.602413E-1
3.163160E1,-2.577378E-2,-3.625123E-1
3.164828E1,-2.442058E-2,-3.605245E-1
3.166497E1,-2.285984E-2,-3.605306E-1
3.168165E1,-2.086759E-2,-3.604181E-1
3.169833E1,-1.900518E-2,-3.605644E-1
3.171502E1,-1.690806E-2,-3.604742E-1
3.173170E1,-1.433834E-2,-3.618249E-1
3.174838E1,-1.214560E-2,-3.608694E-1
3.176507E1,-9.581036E-3,-3.611654E-1
3.178175E1,-6.785429E-3,-3.641935E-1
3.179843E1,-4.075600E-3,-3.639169E-1
3.181512E1,-1.365760E-3,-3.640822E-1
3.183180E1,1.346013E-3,-3.631009E-1
3.184848E1,4.048559E-3,-3.639487E-1
3.186517E1,6.737360E-3,-3.641592E-1
3.188185E1,9.414077E-3,-3.643486E-1
3.189853E1,1.217697E-2,-3.651280E-1
3.191522E1,1.415358E-2,-3.632517E-1
3.193190E1,1.620605E-2,-3.610407E-1
3.194858E1,1.818285E-2,-3.609564E-1
3.196527E1,2.026242E-2,-3.607628E-1
3.198195E1,2.227248E-2,-3.611458E-1
3.199863E1,2.426698E-2,-3.618726E-1
3.201532E1,2.564398E-2,-3.607251E-1
3.203200E1,2.699270E-2,-3.606672E-1
3.204868E1,2.827740E-2,-3.615674E-1
3.206537E1,2.969369E-2,-3.634085E-1
3.208205E1,3.036955E-2,-3.632953E-1
3.209873E1,3.030925E-2,-3.608433E-1
3.211542E1,3.107212E-2,-3.632122E-1
3.213210E1,3.039519E-2,-3.596462E-1
3.214878E1,3.036766E-2,-3.605452E-1
3.216547E1,2.978044E-2,-3.598430E-1
3.218215E1,2.908230E-2,-3.598771E-1
3.219883E1,2.827208E-2,-3.602599E-1
3.221552E1,2.711904E-2,-3.596854E-1
3.223220E1,2.568355E-2,-3.598832E-1
3.224888E1,2.421092E-2,-3.602437E-1
3.226557E1,2.246082E-2,-3.599993E-1
3.228225E1,2.048559E-2,-3.601870E-1
3.229893E1,1.837424E-2,-3.602756E-1
3.231562E1,1.621685E-2,-3.602988E-1
3.233230E1,1.405846E-2,-3.607877E-1
3.234898E1,1.156003E-2,-3.603865E-1
3.236567E1,9.423518E-3,-3.624741E-1
3.238235E1,6.646411E-3,-3.613629E-1
3.239903E1,4.034035E-3,-3.608329E-1
3.241572E1,1.364702E-3,-3.608545E-1
3.243240E1,-1.353207E-3,-3.609122E-1
3.244908E1,-4.073372E-3,-3.610105E-1
3.246577E1,-6.603957E-3,-3.608637E-1
3.248245E1,-9.090269E-3,-3.609177E-1
3.249913E1,-1.161846E-2,-3.611116E-1
3.251582E1,-1.407139E-2,-3.606161E-1
3.253250E1,-1.631327E-2,-3.609465E-1
3.254918E1,-1.832226E-2,-3.607668E-1
3.256587E1,-2.031683E-2,-3.608397E-1
3.258255E1,-2.235476E-2,-3.607784E-1
3.259923E1,-2.412471E-2,-3.605488E-1
3.261592E1,-2.544407E-2,-3.602158E-1
3.263260E1,-2.697720E-2,-3.601907E-1
3.264928E1,-2.785141E-2,-3.603658E-1
3.266597E1,-2.856142E-2,-3.604842E-1
3.268265E1,-2.919085E-2,-3.603786E-1
3.269933E1,-2.973873E-2,-3.599867E-1
3.271602E1,-2.983244E-2,-3.601204E-1
3.273270E1,-2.978600E-2,-3.600981E-1
3.274938E1,-2.969058E-2,-3.599809E-1
3.276607E1,-2.916992E-2,-3.602806E-1
3.278275E1,-2.839527E-2,-3.600870E-1
3.279943E1,-2.763012E-2,-3.602419E-1
3.281612E1,-2.641070E-2,-3.603402E-1
3.283280E1,-2.509810E-2,-3.604229E-1
3.284948E1,-2.365570E-2,-3.605267E-1
3.286617E1,-2.168792E-2,-3.605571E-1
3.288285E1,-1.973560E-2,-3.610655E-1
3.289953E1,-1.766259E-2,-3.613868E-1
3.291622E1,-1.557799E-2,-3.612469E-1
3.293290E1,-1.348517E-2,-3.608016E-1
3.294958E1,-1.090264E-2,-3.613430E-1
3.296627E1,-8.674794E-3,-3.611151E-1
3.298295E1,-6.111307E-3,-3.611176E-1
3.299963E1,-3.452746E-3,-3.612882E-1
3.301632E1,-7.555040E-4,-3.614967E-1
3.303300E1,1.932253E-3,-3.620047E-1
3.304968E1,4.672713E-3,-3.636155E-1
3.306637E1,7.383409E-3,-3.634901E-1
3.308305E1,1.005277E-2,-3.643001E-1
3.309973E1,1.274752E-2,-3.651756E-1
3.311642E1,1.480353E-2,-3.636888E-1
3.313310E1,1.687868E-2,-3.627035E-1
3.314978E1,1.902633E-2,-3.624137E-1
3.316647E1,2.093788E-2,-3.626649E-1
3.318315E1,2.289792E-2,-3.626173E-1
3.319983E1,2.491437E-2,-3.638695E-1
3.321652E1,2.628595E-2,-3.631923E-1
3.323320E1,2.759658E-2,-3.636440E-1
3.324988E1,2.832472E-2,-3.618883E-1
3.326657E1,2.898246E-2,-3.613907E-1
3.328325E1,2.965928E-2,-3.613363E-1
3.329993E1,3.032751E-2,-3.625447E-1
3.331662E1,3.034349E-2,-3.619087E-1
3.333330E1,3.033692E-2,-3.627091E-1
3.334998E1,2.967590E-2,-3.606455E-1
3.336667E1,2.965071E-2,-3.626960E-1
3.338335E1,2.896753E-2,-3.628716E-1
3.340003E1,2.764813E-2,-3.613921E-1
3.341672E1,2.629107E-2,-3.609266E-1
3.343340E1,2.494551E-2,-3.609058E-1
3.345008E1,2.363211E-2,-3.623742E-1
3.346677E1,2.156688E-2,-3.608279E-1
3.348345E1,1.959595E-2,-3.605455E-1
3.350013E1,1.747241E-2,-3.608135E-1
3.351682E1,1.543950E-2,-3.616740E-1
3.353350E1,1.350710E-2,-3.639198E-1
3.355018E1,1.076116E-2,-3.619859E-1
3.356687E1,8.767018E-3,-3.638735E-1
3.358355E1,6.065054E-3,-3.640661E-1
3.360023E1,3.318584E-3,-3.631073E-1
3.361692E1,6.471777E-4,-3.621439E-1
3.363360E1,-2.061307E-3,-3.615879E-1
3.365028E1,-4.706664E-3,-3.611604E-1
3.366697E1,-6.820731E-3,-3.634142E-1
3.368365E1,-9.534859E-3,-3.624257E-1
3.370033E1,-1.219795E-2,-3.618035E-1
3.371702E1,-1.427451E-2,-3.628902E-1
3.373370E1,-1.626229E-2,-3.646408E-1
3.375038E1,-1.833860E-2,-3.622024E-1
3.376707E1,-2.031344E-2,-3.612067E-1
3.378375E1,-2.230612E-2,-3.605818E-1
3.380043E1,-2.376876E-2,-3.624383E-1
3.381712E1,-2.508294E-2,-3.617016E-1
3.383380E1,-2.638666E-2,-3.614895E-1
3.385048E1,-2.712484E-2,-3.637445E-1
3.386717E1,-2.777788E-2,-3.636324E-1
3.388385E1,-2.843637E-2,-3.635213E-1
3.390053E1,-2.906998E-2,-3.609782E-1
3.391722E1,-2.913346E-2,-3.614666E-1
3.393390E1,-2.906840E-2,-3.610524E-1
3.395058E1,-2.843818E-2,-3.638368E-1
3.396727E1,-2.776802E-2,-3.635735E-1
3.398395E1,-2.706851E-2,-3.637150E-1
3.400063E1,-2.636491E-2,-3.610498E-1
3.401732E1,-2.508627E-2,-3.616043E-1
3.403400E1,-2.371117E-2,-3.617973E-1
3.405068E1,-2.224282E-2,-3.605108E-1
3.406737E1,-2.028069E-2,-3.610216E-1
3.408405E1,-1.833915E-2,-3.622300E-1
3.410073E1,-1.629515E-2,-3.623617E-1
3.411742E1,-1.417731E-2,-3.612829E-1
3.413410E1,-1.207690E-2,-3.610737E-1
3.415078E1,-9.541908E-3,-3.622792E-1
3.416747E1,-6.795670E-3,-3.642805E-1
3.418415E1,-4.739227E-3,-3.617618E-1
3.420083E1,-2.065011E-3,-3.617242E-1
3.421752E1,6.727607E-4,-3.622321E-1
3.423420E1,3.339874E-3,-3.630330E-1
3.425088E1,6.048028E-3,-3.638556E-1
3.426757E1,8.158624E-3,-3.613143E-1
3.428425E1,1.074877E-2,-3.626311E-1
3.430093E1,1.289795E-2,-3.606174E-1
3.431762E1,1.547229E-2,-3.629465E-1
3.433430E1,1.760004E-2,-3.623997E-1
3.435098E1,1.962379E-2,-3.624447E-1
3.436767E1,2.159297E-2,-3.626585E-1
3.438435E1,2.314228E-2,-3.620100E-1
3.440103E1,2.487824E-2,-3.628897E-1
3.441772E1,2.627099E-2,-3.626813E-1
3.443440E1,2.763502E-2,-3.632542E-1
3.445108E1,2.839315E-2,-3.623985E-1
3.446777E1,2.908665E-2,-3.620497E-1
3.448445E1,2.971054E-2,-3.625621E-1
3.450113E1,3.045018E-2,-3.643377E-1
3.451782E1,3.043917E-2,-3.643657E-1
3.453450E1,2.972415E-2,-3.619915E-1
3.455118E1,2.968903E-2,-3.636389E-1
3.456787E1,2.902113E-2,-3.628141E-1
3.458455E1,2.838342E-2,-3.638395E-1
3.460123E1,2.701412E-2,-3.621410E-1
3.461792E1,2.635320E-2,-3.644361E-1
3.463460E1,2.427337E-2,-3.623041E-1
3.465128E1,2.291749E-2,-3.636082E-1
3.466797E1,2.096664E-2,-3.623970E-1
3.468465E1,1.894275E-2,-3.611842E-1
3.470133E1,1.690527E-2,-3.617082E-1
3.471802E1,1.483383E-2,-3.625912E-1
3.473470E1,1.219761E-2,-3.611163E-1
3.475138E1,1.009098E-2,-3.626859E-1
3.476807E1,7.424286E-3,-3.614481E-1
3.478475E1,4.762350E-3,-3.614163E-1
3.480143E1,2.621784E-3,-3.638083E-1
3.481812E1,-6.804071E-5,-3.631318E-1
3.483480E1,-2.709410E-3,-3.622447E-1
3.485148E1,-5.393974E-3,-3.614415E-1
3.486817E1,-8.004781E-3,-3.609124E-1
3.488485E1,-1.019828E-2,-3.617941E-1
3.490153E1,-1.273333E-2,-3.608109E-1
3.491822E1,-1.491485E-2,-3.611417E-1
3.493490E1,-1.694515E-2,-3.615439E-1
3.495158E1,-1.896121E-2,-3.617570E-1
3.496827E1,-2.033271E-2,-3.629040E-1
3.498495E1,-2.242761E-2,-3.604260E-1
3.500163E1,-2.376336E-2,-3.613710E-1
3.501832E1,-2.510078E-2,-3.609770E-1
3.503500E1,-2.636713E-2,-3.599366E-1
3.505168E1,-2.708175E-2,-3.604096E-1
3.506837E1,-2.777616E-2,-3.602873E-1
3.508505E1,-2.835763E-2,-3.597809E-1
3.510173E1,-2.847275E-2,-3.615909E-1
3.511842E1,-2.845319E-2,-3.615836E-1
3.513510E1,-2.837539E-2,-3.607825E-1
3.515178E1,-2.777172E-2,-3.614171E-1
3.516847E1,-2.752667E-2,-3.598408E-1
3.518515E1,-2.643664E-2,-3.617187E-1
3.520183E1,-2.565537E-2,-3.598943E-1
3.521852E1,-2.435504E-2,-3.601953E-1
3.523520E1,-2.298287E-2,-3.603732E-1
3.525188E1,-2.103820E-2,-3.622225E-1
3.526857E1,-1.960627E-2,-3.605434E-1
3.528525E1,-1.758665E-2,-3.622922E-1
3.530193E1,-1.551349E-2,-3.609984E-1
3.531862E1,-1.291804E-2,-3.640988E-1
3.533530E1,-1.085596E-2,-3.631656E-1
3.535198E1,-8.168092E-3,-3.650116E-1
3.536867E1,-6.038233E-3,-3.618672E-1
3.538535E1,-3.465463E-3,-3.630866E-1
3.540203E1,-6.946877E-4,-3.650270E-1
3.541872E1,1.985473E-3,-3.649815E-1
3.543540E1,4.062447E-3,-3.620201E-1
3.545208E1,6.684792E-3,-3.623848E-1
3.546877E1,9.436855E-3,-3.649909E-1
3.548545E1,1.141345E-2,-3.623740E-1
3.550213E1,1.418363E-2,-3.648858E-1
3.551882E1,1.636247E-2,-3.644942E-1
3.553550E1,1.834430E-2,-3.645221E-1
3.555218E1,2.039952E-2,-3.644896E-1
3.556887E1,2.227202E-2,-3.645018E-1
3.558555E1,2.369881E-2,-3.642171E-1
3.560223E1,2.510809E-2,-3.638508E-1
3.561892E1,2.647230E-2,-3.637947E-1
3.563560E1,2.701646E-2,-3.611622E-1
3.565228E1,2.838426E-2,-3.639105E-1
3.566897E1,2.906612E-2,-3.639031E-1
3.568565E1,2.896856E-2,-3.614915E-1
3.570233E1,2.972411E-2,-3.638904E-1
3.571902E1,2.972381E-2,-3.639805E-1
3.573570E1,2.901085E-2,-3.619550E-1
3.575238E1,2.841494E-2,-3.609682E-1
3.576907E1,2.772801E-2,-3.610419E-1
3.578575E1,2.701967E-2,-3.617592E-1
3.580243E1,2.569059E-2,-3.612234E-1
3.581912E1,2.432650E-2,-3.608272E-1
3.583580E1,2.294771E-2,-3.612620E-1
3.585248E1,2.156423E-2,-3.627792E-1
3.586917E1,1.954469E-2,-3.620615E-1
3.588585E1,1.752013E-2,-3.620712E-1
3.590253E1,1.557282E-2,-3.623975E-1
3.591922E1,1.344589E-2,-3.629726E-1
3.593590E1,1.089969E-2,-3.618492E-1
3.595258E1,8.711089E-3,-3.629826E-1
3.596927E1,6.100851E-3,-3.622233E-1
3.598595E1,3.566208E-3,-3.618936E-1
3.600263E1,1.249875E-3,-3.624645E-1
3.601932E1,-1.345394E-3,-3.619849E-1
3.603600E1,-4.043763E-3,-3.617039E-1
3.605268E1,-6.195922E-3,-3.628647E-1
3.606937E1,-8.795340E-3,-3.616104E-1
3.608605E1,-1.088961E-2,-3.632380E-1
3.610273E1,-1.341273E-2,-3.612568E-1
3.611942E1,-1.554862E-2,-3.613641E-1
3.613610E1,-1.765483E-2,-3.612225E-1
3.615278E1,-1.945943E-2,-3.605160E-1
3.616947E1,-2.101286E-2,-3.605422E-1
3.618615E1,-2.287496E-2,-3.605408E-1
3.620283E1,-2.427709E-2,-3.603898E-1
3.621952E1,-2.562992E-2,-3.605261E-1
3.623620E1,-2.644249E-2,-3.603829E-1
3.625288E1,-2.712829E-2,-3.601135E-1
3.626957E1,-2.778771E-2,-3.599488E-1
3.628625E1,-2.818022E-2,-3.599150E-1
3.630293E1,-2.841019E-2,-3.599208E-1
3.631962E1,-2.841156E-2,-3.599123E-1
3.633630E1,-2.787808E-2,-3.600170E-1
3.635298E1,-2.768614E-2,-3.599188E-1
3.636967E1,-2.684480E-2,-3.598774E-1
3.638635E1,-2.579998E-2,-3.607370E-1
3.640303E1,-2.481860E-2,-3.599368E-1
3.641972E1,-2.365957E-2,-3.603994E-1
3.643640E1,-2.166594E-2,-3.634517E-1
3.645308E1,-2.030644E-2,-3.605698E-1
3.646977E1,-1.837912E-2,-3.618121E-1
3.648645E1,-1.625816E-2,-3.633303E-1
3.650313E1,-1.427461E-2,-3.618284E-1
3.651982E1,-1.215172E-2,-3.612418E-1
3.653650E1,-1.005788E-2,-3.611496E-1
3.655318E1,-7.564243E-3,-3.618406E-1
3.656987E1,-4.768959E-3,-3.646063E-1
3.658655E1,-2.723511E-3,-3.613184E-1
3.660323E1,-5.263137E-5,-3.626464E-1
3.661992E1,2.692445E-3,-3.639610E-1
3.663660E1,4.704854E-3,-3.613783E-1
3.665328E1,7.391386E-3,-3.624677E-1
3.666997E1,9.404395E-3,-3.610054E-1
3.668665E1,1.208879E-2,-3.623610E-1
3.670333E1,1.416408E-2,-3.613278E-1
3.672002E1,1.620026E-2,-3.607756E-1
3.673670E1,1.819074E-2,-3.613402E-1
3.675338E1,2.023014E-2,-3.613525E-1
3.677007E1,2.171240E-2,-3.604197E-1
3.678675E1,2.358587E-2,-3.617909E-1
3.680343E1,2.495600E-2,-3.618842E-1
3.682012E1,2.628262E-2,-3.628012E-1
3.683680E1,2.703517E-2,-3.613142E-1
3.685348E1,2.769047E-2,-3.611747E-1
3.687017E1,2.837980E-2,-3.616782E-1
3.688685E1,2.833658E-2,-3.599926E-1
3.690353E1,2.832328E-2,-3.599650E-1
3.692022E1,2.831880E-2,-3.600341E-1
3.693690E1,2.838509E-2,-3.624274E-1
3.695358E1,2.762720E-2,-3.606994E-1
3.697027E1,2.694516E-2,-3.607919E-1
3.698695E1,2.567349E-2,-3.600081E-1
3.700363E1,2.496608E-2,-3.617094E-1
3.702032E1,2.361695E-2,-3.618766E-1
3.703700E1,2.157664E-2,-3.603256E-1
3.705368E1,2.024634E-2,-3.618569E-1
3.707037E1,1.821759E-2,-3.610850E-1
3.708705E1,1.616193E-2,-3.613359E-1
3.710373E1,1.411833E-2,-3.614813E-1
3.712042E1,1.215570E-2,-3.638808E-1
3.713710E1,9.415889E-3,-3.615618E-1
3.715378E1,7.429356E-3,-3.639691E-1
3.717047E1,4.704698E-3,-3.618402E-1
3.718715E1,2.075189E-3,-3.617175E-1
3.720383E1,-1.198007E-4,-3.624442E-1
3.722052E1,-2.747284E-3,-3.617829E-1
3.723720E1,-4.735504E-3,-3.641686E-1
3.725388E1,-7.511507E-3,-3.624296E-1
3.727057E1,-9.505899E-3,-3.651180E-1
3.728725E1,-1.212628E-2,-3.613628E-1
3.730393E1,-1.426799E-2,-3.611925E-1
3.732062E1,-1.628617E-2,-3.611860E-1
3.733730E1,-1.828946E-2,-3.611440E-1
3.735398E1,-1.963823E-2,-3.636550E-1
3.737067E1,-2.152692E-2,-3.607615E-1
3.738735E1,-2.302967E-2,-3.608816E-1
3.740403E1,-2.434346E-2,-3.605631E-1
3.742072E1,-2.509517E-2,-3.635748E-1
3.743740E1,-2.626884E-2,-3.601854E-1
3.745408E1,-2.697497E-2,-3.601291E-1
3.747077E1,-2.713645E-2,-3.636978E-1
3.748745E1,-2.763422E-2,-3.603367E-1
3.750413E1,-2.773957E-2,-3.604445E-1
3.752082E1,-2.763781E-2,-3.603232E-1
3.753750E1,-2.712562E-2,-3.603097E-1
3.755418E1,-2.648233E-2,-3.605682E-1
3.757087E1,-2.571740E-2,-3.604516E-1
3.758755E1,-2.488876E-2,-3.604917E-1
3.760423E1,-2.368518E-2,-3.604730E-1
3.762092E1,-2.229334E-2,-3.605533E-1
3.763760E1,-2.037203E-2,-3.609973E-1
3.765428E1,-1.891719E-2,-3.607830E-1
3.767097E1,-1.698213E-2,-3.611177E-1
3.768765E1,-1.492918E-2,-3.611409E-1
3.770433E1,-1.288035E-2,-3.610796E-1
3.772102E1,-1.076036E-2,-3.610450E-1
3.773770E1,-8.162545E-3,-3.636404E-1
3.775438E1,-6.078789E-3,-3.610415E-1
3.777107E1,-3.462284E-3,-3.620921E-1
3.778775E1,-1.310874E-3,-3.610186E-1
3.780443E1,1.273218E-3,-3.616300E-1
3.782112E1,3.958022E-3,-3.624049E-1
3.783780E1,6.094435E-3,-3.612632E-1
3.785448E1,8.681596E-3,-3.623733E-1
3.787117E1,1.079484E-2,-3.610308E-1
3.788785E1,1.290114E-2,-3.609136E-1
3.790453E1,1.491118E-2,-3.608758E-1
3.792122E1,1.694449E-2,-3.607964E-1
3.793790E1,1.885712E-2,-3.607045E-1
3.795458E1,2.086183E-2,-3.613580E-1
3.797127E1,2.227657E-2,-3.607501E-1
3.798795E1,2.368133E-2,-3.605869E-1
3.800463E1,2.495140E-2,-3.606498E-1
3.802132E1,2.574935E-2,-3.602332E-1
3.803800E1,2.689339E-2,-3.608484E-1
3.805468E1,2.759684E-2,-3.607706E-1
3.807137E1,2.782822E-2,-3.603392E-1
3.808805E1,2.826197E-2,-3.613767E-1
3.810473E1,2.826137E-2,-3.614326E-1
3.812142E1,2.791694E-2,-3.603745E-1
3.813810E1,2.759408E-2,-3.614920E-1
3.815478E1,2.694525E-2,-3.614350E-1
3.817147E1,2.625524E-2,-3.621667E-1
3.818815E1,2.496599E-2,-3.614182E-1
3.820483E1,2.366389E-2,-3.612717E-1
3.822152E1,2.229192E-2,-3.613520E-1
3.823820E1,2.089676E-2,-3.620452E-1
3.825488E1,1.895866E-2,-3.617734E-1
3.827157E1,1.694168E-2,-3.615285E-1
3.828825E1,1.487378E-2,-3.615625E-1
3.830493E1,1.276497E-2,-3.616813E-1
3.832162E1,1.075616E-2,-3.625745E-1
3.833830E1,8.255958E-3,-3.612517E-1
3.835498E1,6.041186E-3,-3.635908E-1
3.837167E1,3.396403E-3,-3.621010E-1
3.838835E1,1.318850E-3,-3.634527E-1
3.840503E1,-1.330317E-3,-3.625028E-1
3.842172E1,-3.878646E-3,-3.612078E-1
3.843840E1,-6.114208E-3,-3.633860E-1
3.845508E1,-8.616901E-3,-3.614036E-1
3.847177E1,-1.084820E-2,-3.621281E-1
3.848845E1,-1.286842E-2,-3.633007E-1
3.850513E1,-1.489532E-2,-3.634517E-1
3.852182E1,-1.689481E-2,-3.633405E-1
3.853850E1,-1.892399E-2,-3.608983E-1
3.855518E1,-2.030694E-2,-3.605265E-1
3.857187E1,-2.172718E-2,-3.639639E-1
3.858855E1,-2.308654E-2,-3.637693E-1
3.860523E1,-2.429861E-2,-3.606048E-1
3.862192E1,-2.508377E-2,-3.636351E-1
3.863860E1,-2.577814E-2,-3.640547E-1
3.865528E1,-2.638283E-2,-3.633130E-1
3.867197E1,-2.688160E-2,-3.599383E-1
3.868865E1,-2.694341E-2,-3.627946E-1
3.870533E1,-2.705151E-2,-3.598763E-1
3.872202E1,-2.647051E-2,-3.640276E-1
3.873870E1,-2.625733E-2,-3.599178E-1
3.875538E1,-2.559951E-2,-3.598728E-1
3.877207E1,-2.441241E-2,-3.636804E-1
3.878875E1,-2.364525E-2,-3.599100E-1
3.880543E1,-2.235369E-2,-3.603807E-1
3.882212E1,-2.088630E-2,-3.603015E-1
3.883880E1,-1.897684E-2,-3.636516E-1
3.885548E1,-1.757825E-2,-3.604762E-1
3.887217E1,-1.564080E-2,-3.605394E-1
3.888885E1,-1.357742E-2,-3.609091E-1
3.890553E1,-1.147891E-2,-3.605174E-1
3.892222E1,-9.407099E-3,-3.607266E-1
3.893890E1,-6.835524E-3,-3.624036E-1
3.895558E1,-4.718483E-3,-3.607272E-1
3.897227E1,-2.035605E-3,-3.621233E-1
3.898895E1,5.147864E-5,-3.607476E-1
3.900563E1,2.676639E-3,-3.621652E-1
3.902232E1,4.763747E-3,-3.607648E-1
3.903900E1,7.408478E-3,-3.618970E-1
3.905568E1,9.405031E-3,-3.610194E-1
3.907237E1,1.210256E-2,-3.635525E-1
3.908905E1,1.417119E-2,-3.624005E-1
3.910573E1,1.619950E-2,-3.625613E-1
3.912242E1,1.819312E-2,-3.628043E-1
3.913910E1,1.954740E-2,-3.607923E-1
3.915578E1,2.158565E-2,-3.626772E-1
3.917247E1,2.294645E-2,-3.626167E-1
3.918915E1,2.429735E-2,-3.622992E-1
3.920583E1,2.562442E-2,-3.629308E-1
3.922252E1,2.633860E-2,-3.621344E-1
3.923920E1,2.704063E-2,-3.618532E-1
3.925588E1,2.770065E-2,-3.625180E-1
3.927257E1,2.766397E-2,-3.612773E-1
3.928925E1,2.766626E-2,-3.607295E-1
3.930593E1,2.770010E-2,-3.610462E-1
3.932262E1,2.699895E-2,-3.600446E-1
3.933930E1,2.643333E-2,-3.597928E-1
3.935598E1,2.571023E-2,-3.599008E-1
3.937267E1,2.490566E-2,-3.609140E-1
3.938935E1,2.361170E-2,-3.602248E-1
3.940603E1,2.234547E-2,-3.601331E-1
3.942272E1,2.087340E-2,-3.604866E-1
3.943940E1,1.956547E-2,-3.626672E-1
3.945608E1,1.757934E-2,-3.617770E-1
3.947277E1,1.556406E-2,-3.619742E-1
3.948945E1,1.351503E-2,-3.613586E-1
3.950613E1,1.144522E-2,-3.620319E-1
3.952282E1,9.410994E-3,-3.626857E-1
3.953950E1,6.761136E-3,-3.608851E-1
3.955618E1,4.637525E-3,-3.615999E-1
3.957287E1,2.103164E-3,-3.610005E-1
3.958955E1,-1.008768E-4,-3.615247E-1
3.960623E1,-2.703854E-3,-3.612907E-1
3.962292E1,-4.812926E-3,-3.620165E-1
3.963960E1,-7.429513E-3,-3.614866E-1
3.965628E1,-9.546805E-3,-3.614981E-1
3.967297E1,-1.154177E-2,-3.619287E-1
3.968965E1,-1.356178E-2,-3.620949E-1
3.970633E1,-1.562511E-2,-3.619850E-1
3.972302E1,-1.761253E-2,-3.617129E-1
3.973970E1,-1.944030E-2,-3.607779E-1
3.975638E1,-2.086708E-2,-3.606856E-1
3.977307E1,-2.234987E-2,-3.608387E-1
3.978975E1,-2.362198E-2,-3.603568E-1
3.980643E1,-2.445746E-2,-3.605926E-1
3.982312E1,-2.539057E-2,-3.603842E-1
3.983980E1,-2.611053E-2,-3.601382E-1
3.985648E1,-2.649266E-2,-3.610336E-1
3.987317E1,-2.680556E-2,-3.602946E-1
3.988985E1,-2.695626E-2,-3.601264E-1
3.990653E1,-2.685608E-2,-3.601235E-1
3.992322E1,-2.641362E-2,-3.604774E-1
3.993990E1,-2.578596E-2,-3.606172E-1
3.995658E1,-2.507502E-2,-3.604703E-1
3.997327E1,-2.410623E-2,-3.604298E-1
3.998995E1,-2.307536E-2,-3.605171E-1
4.000663E1,-2.166873E-2,-3.605357E-1
4.002332E1,-2.026165E-2,-3.605646E-1
4.004000E1,-1.840527E-2,-3.609470E-1
4.005668E1,-1.686987E-2,-3.610550E-1
4.007337E1,-1.491311E-2,-3.609773E-1
4.009005E1,-1.289527E-2,-3.611520E-1
4.010673E1,-1.076010E-2,-3.611720E-1
4.012342E1,-8.232055E-3,-3.629613E-1
4.014010E1,-6.126223E-3,-3.616207E-1
4.015678E1,-3.472840E-3,-3.633975E-1
4.017347E1,-1.365313E-3,-3.615413E-1
4.019015E1,1.267252E-3,-3.636574E-1
4.020683E1,3.325043E-3,-3.616931E-1
4.022352E1,6.012866E-3,-3.642533E-1
4.024020E1,8.058913E-3,-3.615822E-1
4.025688E1,1.019109E-2,-3.611348E-1
4.027357E1,1.273627E-2,-3.629939E-1
4.029025E1,1.421731E-2,-3.608592E-1
4.030693E1,1.615196E-2,-3.609064E-1
4.032362E1,1.814783E-2,-3.613956E-1
4.034030E1,2.015344E-2,-3.622631E-1
4.035698E1,2.154572E-2,-3.614792E-1
4.037367E1,2.292637E-2,-3.612711E-1
4.039035E1,2.424488E-2,-3.617550E-1
4.040703E1,2.499651E-2,-3.606903E-1
4.042372E1,2.565533E-2,-3.600735E-1
4.044040E1,2.632035E-2,-3.600183E-1
4.045708E1,2.691344E-2,-3.608774E-1
4.047377E1,2.693334E-2,-3.602356E-1
4.049045E1,2.694113E-2,-3.601564E-1
4.050713E1,2.688586E-2,-3.608623E-1
4.052382E1,2.628300E-2,-3.601439E-1
4.054050E1,2.569264E-2,-3.599463E-1
4.055718E1,2.491750E-2,-3.609716E-1
4.057387E1,2.423433E-2,-3.623139E-1
4.059055E1,2.291872E-2,-3.619798E-1
4.060723E1,2.155318E-2,-3.621561E-1
4.062392E1,2.020816E-2,-3.621208E-1
4.064060E1,1.891281E-2,-3.639089E-1
4.065728E1,1.689109E-2,-3.630914E-1
4.067397E1,1.485006E-2,-3.625918E-1
4.069065E1,1.279021E-2,-3.627283E-1
4.070733E1,1.075013E-2,-3.634829E-1
4.072402E1,8.722900E-3,-3.646156E-1
4.074070E1,6.054263E-3,-3.623436E-1
4.075738E1,3.985712E-3,-3.643023E-1
4.077407E1,1.342760E-3,-3.625020E-1
4.079075E1,-7.258513E-4,-3.641319E-1
4.080743E1,-3.427458E-3,-3.623569E-1
4.082412E1,-5.412319E-3,-3.632423E-1
4.084080E1,-8.100970E-3,-3.619289E-1
4.085748E1,-1.014450E-2,-3.619655E-1
4.087417E1,-1.219818E-2,-3.622467E-1
4.089085E1,-1.422450E-2,-3.622014E-1
4.090753E1,-1.627812E-2,-3.612140E-1
4.092422E1,-1.818906E-2,-3.608060E-1
4.094090E1,-1.965170E-2,-3.611415E-1
4.095758E1,-2.098096E-2,-3.610413E-1
4.097427E1,-2.236899E-2,-3.609077E-1
4.099095E1,-2.362888E-2,-3.605597E-1
4.100763E1,-2.445272E-2,-3.609230E-1
4.102432E1,-2.507363E-2,-3.639664E-1
4.104100E1,-2.576801E-2,-3.606851E-1
4.105768E1,-2.628223E-2,-3.600964E-1
4.107437E1,-2.643209E-2,-3.604368E-1
4.109105E1,-2.643451E-2,-3.604707E-1
4.110773E1,-2.632465E-2,-3.602568E-1
4.112442E1,-2.575687E-2,-3.604298E-1
4.114110E1,-2.508134E-2,-3.604880E-1
4.115778E1,-2.433289E-2,-3.605062E-1
4.117447E1,-2.309842E-2,-3.614758E-1
4.119115E1,-2.175995E-2,-3.619120E-1
4.120783E1,-2.035956E-2,-3.612202E-1
4.122452E1,-1.895732E-2,-3.607566E-1
4.124120E1,-1.752703E-2,-3.605567E-1
4.125788E1,-1.557887E-2,-3.606754E-1
4.127457E1,-1.357598E-2,-3.610934E-1
4.129125E1,-1.158073E-2,-3.616287E-1
4.130793E1,-9.521439E-3,-3.611376E-1
4.132462E1,-7.433098E-3,-3.611493E-1
4.134130E1,-4.820824E-3,-3.622970E-1
4.135798E1,-2.758285E-3,-3.611347E-1
4.137467E1,-5.606532E-4,-3.609862E-1
4.139135E1,2.008678E-3,-3.625912E-1
4.140803E1,4.655403E-3,-3.644638E-1
4.142472E1,6.700165E-3,-3.636915E-1
4.144140E1,9.400322E-3,-3.651490E-1
4.145808E1,1.142111E-2,-3.643856E-1
4.147477E1,1.345118E-2,-3.643119E-1
4.149145E1,1.548740E-2,-3.643315E-1
4.150813E1,1.749962E-2,-3.646737E-1
4.152482E1,1.892880E-2,-3.632806E-1
4.154150E1,2.088645E-2,-3.646313E-1
4.155818E1,2.226623E-2,-3.645172E-1
4.157487E1,2.361762E-2,-3.645285E-1
4.159155E1,2.434432E-2,-3.632129E-1
4.160823E1,2.496426E-2,-3.619996E-1
4.162492E1,2.561352E-2,-3.608597E-1
4.164160E1,2.629106E-2,-3.611905E-1
4.165828E1,2.635247E-2,-3.601344E-1
4.167497E1,2.632755E-2,-3.600714E-1
4.169165E1,2.628625E-2,-3.601520E-1
4.170833E1,2.625804E-2,-3.607133E-1
4.172502E1,2.559444E-2,-3.602885E-1
4.174170E1,2.494416E-2,-3.602164E-1
4.175838E1,2.421036E-2,-3.607881E-1
4.177507E1,2.301231E-2,-3.602191E-1
4.179175E1,2.171061E-2,-3.602778E-1
4.180843E1,2.022263E-2,-3.602807E-1
4.182512E1,1.885878E-2,-3.605891E-1
4.184180E1,1.748484E-2,-3.618150E-1
4.185848E1,1.546950E-2,-3.613086E-1
4.187517E1,1.349623E-2,-3.611863E-1
4.189185E1,1.146609E-2,-3.612027E-1
4.190853E1,9.349709E-3,-3.622351E-1
4.192522E1,7.345941E-3,-3.619350E-1
4.194190E1,4.746548E-3,-3.610183E-1
4.195858E1,2.591913E-3,-3.617839E-1
4.197527E1,6.240230E-4,-3.640788E-1
4.199195E1,-2.011987E-3,-3.610806E-1
4.200863E1,-4.154135E-3,-3.621679E-1
4.202532E1,-6.121483E-3,-3.641162E-1
4.204200E1,-8.753287E-3,-3.611233E-1
4.205868E1,-1.085299E-2,-3.612732E-1
4.207537E1,-1.288867E-2,-3.612959E-1
4.209205E1,-1.487305E-2,-3.609027E-1
4.210873E1,-1.628097E-2,-3.636314E-1
4.212542E1,-1.831849E-2,-3.612236E-1
4.214210E1,-1.971845E-2,-3.615173E-1
4.215878E1,-2.099395E-2,-3.610107E-1
4.217547E1,-2.239951E-2,-3.622320E-1
4.219215E1,-2.362234E-2,-3.611361E-1
4.220883E1,-2.440858E-2,-3.612741E-1
4.222552E1,-2.505691E-2,-3.605839E-1
4.224220E1,-2.551960E-2,-3.604314E-1
4.225888E1,-2.571743E-2,-3.604350E-1
4.227557E1,-2.577435E-2,-3.608559E-1
4.229225E1,-2.570322E-2,-3.603880E-1
4.230893E1,-2.546702E-2,-3.609218E-1
4.232562E1,-2.505578E-2,-3.605752E-1
4.234230E1,-2.433206E-2,-3.604803E-1
4.235898E1,-2.341104E-2,-3.605450E-1
4.237567E1,-2.229738E-2,-3.605302E-1
4.239235E1,-2.097699E-2,-3.604801E-1
4.240903E1,-1.964175E-2,-3.604710E-1
4.242572E1,-1.819387E-2,-3.605092E-1
4.244240E1,-1.634381E-2,-3.610806E-1
4.245908E1,-1.425612E-2,-3.634817E-1
4.247577E1,-1.225398E-2,-3.638397E-1
4.249245E1,-1.021556E-2,-3.637789E-1
4.250913E1,-8.082692E-3,-3.633719E-1
4.252582E1,-6.106733E-3,-3.615190E-1
4.254250E1,-4.011461E-3,-3.611284E-1
4.255918E1,-1.437360E-3,-3.621623E-1
4.257587E1,7.772087E-4,-3.611739E-1
4.259255E1,2.887168E-3,-3.612872E-1
4.260923E1,4.956246E-3,-3.610872E-1
4.262592E1,7.372633E-3,-3.612555E-1
4.264260E1,1.002021E-2,-3.644317E-1
4.265928E1,1.213547E-2,-3.640366E-1
4.267597E1,1.413398E-2,-3.645518E-1
4.269265E1,1.617696E-2,-3.646345E-1
4.270933E1,1.761109E-2,-3.634459E-1
4.272602E1,1.955004E-2,-3.646383E-1
4.274270E1,2.101635E-2,-3.631655E-1
4.275938E1,2.242041E-2,-3.637021E-1
4.277607E1,2.359088E-2,-3.645432E-1
4.279275E1,2.432547E-2,-3.620523E-1
4.280943E1,2.501293E-2,-3.617144E-1
4.282612E1,2.568119E-2,-3.617355E-1
4.284280E1,2.628646E-2,-3.636419E-1
4.285948E1,2.635171E-2,-3.620043E-1
4.287617E1,2.635508E-2,-3.618940E-1
4.289285E1,2.631629E-2,-3.626812E-1
4.290953E1,2.568991E-2,-3.614171E-1
4.292622E1,2.499507E-2,-3.613886E-1
4.294290E1,2.431834E-2,-3.613904E-1
4.295958E1,2.359937E-2,-3.617918E-1
4.297627E1,2.226670E-2,-3.616484E-1
4.299295E1,2.092783E-2,-3.615262E-1
4.300963E1,1.954997E-2,-3.616863E-1
4.302632E1,1.823885E-2,-3.639728E-1
4.304300E1,1.623850E-2,-3.618369E-1
4.305968E1,1.420237E-2,-3.615445E-1
4.307637E1,1.224178E-2,-3.614628E-1
4.309305E1,1.018821E-2,-3.615140E-1
4.310973E1,8.038799E-3,-3.619732E-1
4.312642E1,5.968311E-3,-3.623242E-1
4.314310E1,3.935977E-3,-3.630983E-1
4.315978E1,1.470499E-3,-3.619181E-1
4.317647E1,-7.098156E-4,-3.627859E-1
4.319315E1,-2.708603E-3,-3.645945E-1
4.320983E1,-5.418069E-3,-3.615038E-1
4.322652E1,-7.402258E-3,-3.639545E-1
4.324320E1,-9.482525E-3,-3.649821E-1
4.325988E1,-1.143468E-2,-3.640925E-1
4.327657E1,-1.353698E-2,-3.629304E-1
4.329325E1,-1.558033E-2,-3.611625E-1
4.330993E1,-1.691740E-2,-3.639854E-1
4.332662E1,-1.893732E-2,-3.607526E-1
4.334330E1,-2.027190E-2,-3.607972E-1
4.335998E1,-2.150646E-2,-3.605802E-1
4.337667E1,-2.286170E-2,-3.605785E-1
4.339335E1,-2.373672E-2,-3.605360E-1
4.341003E1,-2.442626E-2,-3.605712E-1
4.342672E1,-2.499647E-2,-3.604456E-1
4.344340E1,-2.514614E-2,-3.613364E-1
4.346008E1,-2.553226E-2,-3.605468E-1
4.347677E1,-2.558808E-2,-3.604751E-1
4.349345E1,-2.517657E-2,-3.610028E-1
4.351013E1,-2.502117E-2,-3.604192E-1
4.352682E1,-2.436848E-2,-3.604985E-1
4.354350E1,-2.369486E-2,-3.604879E-1
4.356018E1,-2.244788E-2,-3.610810E-1
4.357687E1,-2.107702E-2,-3.612273E-1
4.359355E1,-1.965576E-2,-3.636839E-1
4.361023E1,-1.829154E-2,-3.636036E-1
4.362692E1,-1.687998E-2,-3.608420E-1
4.364360E1,-1.496643E-2,-3.615315E-1
4.366028E1,-1.298314E-2,-3.620249E-1
4.367697E1,-1.091888E-2,-3.624220E-1
4.369365E1,-9.199690E-3,-3.612933E-1
4.371033E1,-6.882376E-3,-3.622108E-1
4.372702E1,-4.769602E-3,-3.621000E-1
4.374370E1,-2.504917E-3,-3.618304E-1
4.376038E1,-1.033890E-4,-3.624590E-1
4.377707E1,2.000085E-3,-3.621412E-1
4.379375E1,4.153944E-3,-3.619975E-1
4.381043E1,6.257555E-3,-3.617246E-1
4.382712E1,8.681451E-3,-3.627532E-1
4.384380E1,1.075591E-2,-3.622727E-1
4.386048E1,1.281132E-2,-3.621313E-1
4.387717E1,1.480218E-2,-3.625066E-1
4.389385E1,1.681304E-2,-3.636664E-1
4.391053E1,1.825204E-2,-3.622013E-1
4.392722E1,1.968050E-2,-3.614303E-1
4.394390E1,2.099576E-2,-3.613781E-1
4.396058E1,2.223419E-2,-3.616309E-1
4.397727E1,2.356137E-2,-3.621279E-1
4.399395E1,2.427797E-2,-3.615249E-1
4.401063E1,2.494192E-2,-3.615616E-1
4.402732E1,2.557155E-2,-3.616097E-1
4.404400E1,2.577535E-2,-3.608044E-1
4.406068E1,2.574548E-2,-3.607214E-1
4.407737E1,2.571536E-2,-3.607572E-1
4.409405E1,2.560382E-2,-3.614534E-1
4.411073E1,2.502058E-2,-3.611001E-1
4.412742E1,2.432831E-2,-3.612489E-1
4.414410E1,2.359622E-2,-3.613228E-1
4.416078E1,2.242041E-2,-3.603734E-1
4.417747E1,2.150274E-2,-3.622830E-1
4.419415E1,2.017219E-2,-3.622849E-1
4.421083E1,1.827029E-2,-3.603421E-1
4.422752E1,1.684049E-2,-3.615923E-1
4.424420E1,1.498784E-2,-3.604469E-1
4.426088E1,1.341915E-2,-3.623773E-1
4.427757E1,1.143191E-2,-3.625572E-1
4.429425E1,9.501096E-3,-3.638324E-1
4.431093E1,7.434106E-3,-3.641067E-1
4.432762E1,5.386161E-3,-3.649010E-1
4.434430E1,2.717186E-3,-3.623557E-1
4.436098E1,6.768227E-4,-3.630230E-1
4.437767E1,-1.928595E-3,-3.618788E-1
4.439435E1,-4.034498E-3,-3.625777E-1
4.441103E1,-6.087365E-3,-3.628882E-1
4.442772E1,-8.117746E-3,-3.627858E-1
4.444440E1,-1.015029E-2,-3.624268E-1
4.446108E1,-1.217079E-2,-3.623527E-1
4.447777E1,-1.419091E-2,-3.623962E-1
4.449445E1,-1.562591E-2,-3.645224E-1
4.451113E1,-1.753725E-2,-3.628527E-1
4.452782E1,-1.894784E-2,-3.635473E-1
4.454450E1,-2.024581E-2,-3.627440E-1
4.456118E1,-2.136628E-2,-3.605837E-1
4.457787E1,-2.236006E-2,-3.612112E-1
4.459455E1,-2.359767E-2,-3.605688E-1
4.461123E1,-2.373443E-2,-3.642061E-1
4.462792E1,-2.434224E-2,-3.625659E-1
4.464460E1,-2.487771E-2,-3.605166E-1
4.466128E1,-2.492517E-2,-3.605361E-1
4.467797E1,-2.496159E-2,-3.604980E-1
4.469465E1,-2.441887E-2,-3.607173E-1
4.471133E1,-2.413098E-2,-3.602915E-1
4.472802E1,-2.305357E-2,-3.635398E-1
4.474470E1,-2.233584E-2,-3.605722E-1
4.476138E1,-2.100284E-2,-3.631996E-1
4.477807E1,-1.966438E-2,-3.641511E-1
4.479475E1,-1.883446E-2,-3.605309E-1
4.481143E1,-1.695649E-2,-3.647878E-1
4.482812E1,-1.546019E-2,-3.641639E-1
4.484480E1,-1.355424E-2,-3.645423E-1
4.486148E1,-1.156640E-2,-3.652864E-1
4.487817E1,-9.546010E-3,-3.653884E-1
4.489485E1,-7.494629E-3,-3.653424E-1
4.491153E1,-5.346674E-3,-3.652478E-1
4.492822E1,-3.380460E-3,-3.620169E-1
4.494490E1,-6.864111E-4,-3.653603E-1
4.496158E1,1.391556E-3,-3.648069E-1
4.497827E1,3.344006E-3,-3.635049E-1
4.499495E1,5.374544E-3,-3.622699E-1
4.501163E1,7.403652E-3,-3.621027E-1
4.502832E1,9.435667E-3,-3.618704E-1
4.504500E1,1.147097E-2,-3.614442E-1
4.506168E1,1.347408E-2,-3.619133E-1
4.507837E1,1.546948E-2,-3.629745E-1
4.509505E1,1.686869E-2,-3.605722E-1
4.511173E1,1.825483E-2,-3.602803E-1
